image,label,frame_id,group_id,split,electric_bicycle,person,bicycle,motorcycle
images/train/frame_50.jpg,labels/train/frame_50.txt,50,0,train,0,2,0,0
images/train/frame_60.jpg,labels/train/frame_60.txt,60,0,train,0,2,0,0
images/train/frame_70.jpg,labels/train/frame_70.txt,70,0,train,0,2,0,0
images/train/frame_80.jpg,labels/train/frame_80.txt,80,0,train,0,1,0,0
images/train/frame_90.jpg,labels/train/frame_90.txt,90,0,train,0,1,0,0
images/train/frame_100.jpg,labels/train/frame_100.txt,100,0,train,0,1,0,0
images/train/frame_110.jpg,labels/train/frame_110.txt,110,0,train,0,1,4,0
images/train/frame_120.jpg,labels/train/frame_120.txt,120,0,train,0,0,6,0
images/train/frame_130.jpg,labels/train/frame_130.txt,130,0,train,0,0,6,0
images/train/frame_140.jpg,labels/train/frame_140.txt,140,0,train,0,2,5,0
images/train/frame_150.jpg,labels/train/frame_150.txt,150,0,train,0,2,2,0
images/train/frame_160.jpg,labels/train/frame_160.txt,160,0,train,0,2,0,0
images/train/frame_170.jpg,labels/train/frame_170.txt,170,0,train,0,2,0,0
images/train/frame_180.jpg,labels/train/frame_180.txt,180,0,train,0,6,0,0
images/train/frame_190.jpg,labels/train/frame_190.txt,190,0,train,0,2,0,0
images/train/frame_200.jpg,labels/train/frame_200.txt,200,0,train,0,6,0,0
images/train/frame_210.jpg,labels/train/frame_210.txt,210,0,train,0,6,0,0
images/train/frame_220.jpg,labels/train/frame_220.txt,220,0,train,0,6,1,0
images/train/frame_230.jpg,labels/train/frame_230.txt,230,0,train,0,6,1,0
images/train/frame_240.jpg,labels/train/frame_240.txt,240,0,train,0,6,1,0
images/train/frame_250.jpg,labels/train/frame_250.txt,250,0,train,0,5,1,0
images/train/frame_260.jpg,labels/train/frame_260.txt,260,0,train,0,4,1,0
images/train/frame_270.jpg,labels/train/frame_270.txt,270,0,train,0,2,1,0
images/train/frame_280.jpg,labels/train/frame_280.txt,280,0,train,0,4,1,0
images/train/frame_290.jpg,labels/train/frame_290.txt,290,0,train,0,5,1,0
images/train/frame_300.jpg,labels/train/frame_300.txt,300,0,train,0,4,0,0
images/train/frame_310.jpg,labels/train/frame_310.txt,310,0,train,0,3,0,0
images/train/frame_320.jpg,labels/train/frame_320.txt,320,0,train,0,3,0,0
images/train/frame_330.jpg,labels/train/frame_330.txt,330,0,train,0,5,0,0
images/train/frame_340.jpg,labels/train/frame_340.txt,340,0,train,0,3,0,0
images/train/frame_350.jpg,labels/train/frame_350.txt,350,0,train,0,0,0,0
images/train/frame_360.jpg,labels/train/frame_360.txt,360,0,train,0,0,0,0
images/train/frame_370.jpg,labels/train/frame_370.txt,370,0,train,0,0,0,0
images/train/frame_380.jpg,labels/train/frame_380.txt,380,0,train,0,0,0,0
images/train/frame_390.jpg,labels/train/frame_390.txt,390,0,train,0,0,0,0
images/train/frame_400.jpg,labels/train/frame_400.txt,400,0,train,0,0,0,0
images/train/frame_410.jpg,labels/train/frame_410.txt,410,0,train,0,0,0,0
images/train/frame_420.jpg,labels/train/frame_420.txt,420,0,train,0,0,0,0
images/train/frame_430.jpg,labels/train/frame_430.txt,430,0,train,1,4,0,0
images/train/frame_440.jpg,labels/train/frame_440.txt,440,0,train,0,3,0,0
images/train/frame_450.jpg,labels/train/frame_450.txt,450,0,train,0,3,0,0
images/train/frame_460.jpg,labels/train/frame_460.txt,460,0,train,0,5,0,0
images/train/frame_470.jpg,labels/train/frame_470.txt,470,0,train,0,4,0,0
images/train/frame_480.jpg,labels/train/frame_480.txt,480,0,train,1,5,0,0
images/train/frame_490.jpg,labels/train/frame_490.txt,490,0,train,0,2,0,0
images/train/frame_500.jpg,labels/train/frame_500.txt,500,0,train,1,2,0,0
images/train/frame_510.jpg,labels/train/frame_510.txt,510,0,train,1,4,0,0
images/train/frame_520.jpg,labels/train/frame_520.txt,520,0,train,1,3,0,0
images/train/frame_530.jpg,labels/train/frame_530.txt,530,0,train,1,5,0,0
images/train/frame_540.jpg,labels/train/frame_540.txt,540,0,train,1,5,0,0
images/train/frame_550.jpg,labels/train/frame_550.txt,550,0,train,1,4,0,0
images/train/frame_560.jpg,labels/train/frame_560.txt,560,0,train,1,3,0,0
images/train/frame_570.jpg,labels/train/frame_570.txt,570,0,train,1,4,0,0
images/train/frame_580.jpg,labels/train/frame_580.txt,580,0,train,1,5,0,0
images/train/frame_590.jpg,labels/train/frame_590.txt,590,0,train,1,4,0,0
images/train/frame_600.jpg,labels/train/frame_600.txt,600,0,train,2,4,0,0
images/train/frame_610.jpg,labels/train/frame_610.txt,610,0,train,2,4,0,0
images/train/frame_620.jpg,labels/train/frame_620.txt,620,0,train,2,3,0,0
images/train/frame_630.jpg,labels/train/frame_630.txt,630,0,train,2,3,0,0
images/train/frame_640.jpg,labels/train/frame_640.txt,640,0,train,1,5,0,0
images/train/frame_650.jpg,labels/train/frame_650.txt,650,0,train,1,4,0,0
images/train/frame_660.jpg,labels/train/frame_660.txt,660,0,train,1,4,0,0
images/train/frame_670.jpg,labels/train/frame_670.txt,670,0,train,1,5,0,0
images/train/frame_680.jpg,labels/train/frame_680.txt,680,0,train,1,4,0,0
images/train/frame_690.jpg,labels/train/frame_690.txt,690,0,train,0,4,0,0
images/train/frame_700.jpg,labels/train/frame_700.txt,700,0,train,0,4,0,0
images/train/frame_710.jpg,labels/train/frame_710.txt,710,0,train,0,1,0,0
images/train/frame_720.jpg,labels/train/frame_720.txt,720,0,train,0,1,0,0
images/train/frame_730.jpg,labels/train/frame_730.txt,730,0,train,0,2,0,0
images/train/frame_740.jpg,labels/train/frame_740.txt,740,0,train,0,1,0,0
images/train/frame_750.jpg,labels/train/frame_750.txt,750,0,train,0,3,0,0
images/train/frame_760.jpg,labels/train/frame_760.txt,760,0,train,0,3,0,0
images/train/frame_770.jpg,labels/train/frame_770.txt,770,0,train,0,4,0,0
images/train/frame_780.jpg,labels/train/frame_780.txt,780,0,train,0,2,0,0
images/train/frame_790.jpg,labels/train/frame_790.txt,790,0,train,0,4,0,0
images/train/frame_800.jpg,labels/train/frame_800.txt,800,0,train,0,4,0,0
images/train/frame_810.jpg,labels/train/frame_810.txt,810,0,train,0,5,0,0
images/train/frame_820.jpg,labels/train/frame_820.txt,820,0,train,0,5,0,0
images/train/frame_830.jpg,labels/train/frame_830.txt,830,0,train,0,5,0,0
images/train/frame_840.jpg,labels/train/frame_840.txt,840,0,train,0,4,0,0
images/train/frame_850.jpg,labels/train/frame_850.txt,850,0,train,1,2,0,0
images/train/frame_860.jpg,labels/train/frame_860.txt,860,0,train,1,2,0,0
images/train/frame_870.jpg,labels/train/frame_870.txt,870,0,train,0,0,0,0
images/train/frame_880.jpg,labels/train/frame_880.txt,880,0,train,0,0,0,0
images/train/frame_890.jpg,labels/train/frame_890.txt,890,0,train,0,2,0,0
images/train/frame_900.jpg,labels/train/frame_900.txt,900,0,train,0,4,0,0
images/train/frame_910.jpg,labels/train/frame_910.txt,910,0,train,0,4,0,0
images/train/frame_920.jpg,labels/train/frame_920.txt,920,0,train,0,4,0,0
images/train/frame_930.jpg,labels/train/frame_930.txt,930,0,train,0,4,0,0
images/train/frame_940.jpg,labels/train/frame_940.txt,940,0,train,0,3,0,0
images/train/frame_950.jpg,labels/train/frame_950.txt,950,0,train,0,3,0,0
images/train/frame_960.jpg,labels/train/frame_960.txt,960,0,train,0,4,0,0
images/test/frame_1090.jpg,labels/test/frame_1090.txt,1090,1,test,0,4,0,0
images/test/frame_1100.jpg,labels/test/frame_1100.txt,1100,1,test,0,2,0,0
images/test/frame_1110.jpg,labels/test/frame_1110.txt,1110,1,test,0,2,0,0
images/test/frame_1120.jpg,labels/test/frame_1120.txt,1120,1,test,0,4,0,0
images/test/frame_1130.jpg,labels/test/frame_1130.txt,1130,1,test,0,2,0,0
images/test/frame_1140.jpg,labels/test/frame_1140.txt,1140,1,test,0,2,0,0
images/test/frame_1150.jpg,labels/test/frame_1150.txt,1150,1,test,0,2,0,0
images/test/frame_1160.jpg,labels/test/frame_1160.txt,1160,1,test,0,2,0,0
images/test/frame_1170.jpg,labels/test/frame_1170.txt,1170,1,test,0,1,0,0
images/test/frame_1180.jpg,labels/test/frame_1180.txt,1180,1,test,0,1,0,0
images/test/frame_1190.jpg,labels/test/frame_1190.txt,1190,1,test,0,1,0,0
images/test/frame_1200.jpg,labels/test/frame_1200.txt,1200,1,test,0,1,0,0
images/test/frame_1210.jpg,labels/test/frame_1210.txt,1210,1,test,0,1,0,0
images/test/frame_1220.jpg,labels/test/frame_1220.txt,1220,1,test,0,2,0,0
images/test/frame_1230.jpg,labels/test/frame_1230.txt,1230,1,test,0,2,0,0
images/train/frame_1250.jpg,labels/train/frame_1250.txt,1250,2,train,0,1,0,0
images/train/frame_1260.jpg,labels/train/frame_1260.txt,1260,2,train,0,1,0,0
images/train/frame_1270.jpg,labels/train/frame_1270.txt,1270,2,train,0,1,0,0
images/train/frame_1280.jpg,labels/train/frame_1280.txt,1280,2,train,0,1,0,0
images/train/frame_1290.jpg,labels/train/frame_1290.txt,1290,2,train,0,0,0,0
images/train/frame_1300.jpg,labels/train/frame_1300.txt,1300,2,train,0,0,0,0
images/train/frame_1310.jpg,labels/train/frame_1310.txt,1310,2,train,0,0,0,0
images/train/frame_1320.jpg,labels/train/frame_1320.txt,1320,2,train,0,0,0,0
images/train/frame_1330.jpg,labels/train/frame_1330.txt,1330,2,train,0,0,0,0
images/train/frame_1340.jpg,labels/train/frame_1340.txt,1340,2,train,0,0,0,0
images/train/frame_1350.jpg,labels/train/frame_1350.txt,1350,2,train,0,0,0,0
images/train/frame_1360.jpg,labels/train/frame_1360.txt,1360,2,train,0,0,0,0
images/train/frame_1370.jpg,labels/train/frame_1370.txt,1370,2,train,0,0,0,0
images/train/frame_1380.jpg,labels/train/frame_1380.txt,1380,2,train,0,0,0,0
images/train/frame_1390.jpg,labels/train/frame_1390.txt,1390,2,train,0,0,0,0
images/train/frame_1400.jpg,labels/train/frame_1400.txt,1400,2,train,0,0,0,0
images/train/frame_1410.jpg,labels/train/frame_1410.txt,1410,2,train,0,0,0,0
images/train/frame_1420.jpg,labels/train/frame_1420.txt,1420,2,train,0,0,0,0
images/train/frame_1430.jpg,labels/train/frame_1430.txt,1430,2,train,0,0,0,0
images/train/frame_1440.jpg,labels/train/frame_1440.txt,1440,2,train,0,0,0,0
images/train/frame_1460.jpg,labels/train/frame_1460.txt,1460,3,train,0,0,0,0
images/train/frame_1470.jpg,labels/train/frame_1470.txt,1470,3,train,0,0,0,0
images/train/frame_1480.jpg,labels/train/frame_1480.txt,1480,3,train,0,0,0,0
images/train/frame_1490.jpg,labels/train/frame_1490.txt,1490,3,train,0,0,0,0
images/train/frame_1500.jpg,labels/train/frame_1500.txt,1500,3,train,0,0,0,0
images/train/frame_1510.jpg,labels/train/frame_1510.txt,1510,3,train,0,0,0,0
images/train/frame_1520.jpg,labels/train/frame_1520.txt,1520,3,train,0,0,0,0
images/train/frame_1530.jpg,labels/train/frame_1530.txt,1530,3,train,0,0,0,0
images/train/frame_1540.jpg,labels/train/frame_1540.txt,1540,3,train,0,0,0,0
images/train/frame_1550.jpg,labels/train/frame_1550.txt,1550,3,train,0,2,0,0
images/train/frame_1560.jpg,labels/train/frame_1560.txt,1560,3,train,0,2,0,0
images/train/frame_1570.jpg,labels/train/frame_1570.txt,1570,3,train,0,2,0,0
images/train/frame_1580.jpg,labels/train/frame_1580.txt,1580,3,train,0,2,0,0
images/train/frame_1590.jpg,labels/train/frame_1590.txt,1590,3,train,0,2,0,0
images/train/frame_1600.jpg,labels/train/frame_1600.txt,1600,3,train,0,2,0,0
images/train/frame_1610.jpg,labels/train/frame_1610.txt,1610,3,train,0,2,0,0
images/train/frame_1620.jpg,labels/train/frame_1620.txt,1620,3,train,0,2,0,0
images/train/frame_1630.jpg,labels/train/frame_1630.txt,1630,3,train,0,2,0,0
images/train/frame_1640.jpg,labels/train/frame_1640.txt,1640,3,train,0,2,0,0
images/train/frame_1650.jpg,labels/train/frame_1650.txt,1650,3,train,0,2,0,0
images/train/frame_1660.jpg,labels/train/frame_1660.txt,1660,3,train,0,2,0,0
images/train/frame_1670.jpg,labels/train/frame_1670.txt,1670,3,train,0,1,0,0
images/train/frame_1680.jpg,labels/train/frame_1680.txt,1680,3,train,0,1,0,0
images/train/frame_1690.jpg,labels/train/frame_1690.txt,1690,3,train,0,1,0,0
images/train/frame_1700.jpg,labels/train/frame_1700.txt,1700,3,train,0,1,0,0
images/train/frame_1710.jpg,labels/train/frame_1710.txt,1710,3,train,0,1,0,0
images/train/frame_1720.jpg,labels/train/frame_1720.txt,1720,3,train,0,1,0,0
images/train/frame_1730.jpg,labels/train/frame_1730.txt,1730,3,train,0,1,0,0
images/train/frame_1740.jpg,labels/train/frame_1740.txt,1740,3,train,0,1,0,0
images/train/frame_1750.jpg,labels/train/frame_1750.txt,1750,3,train,0,1,0,0
images/train/frame_1760.jpg,labels/train/frame_1760.txt,1760,3,train,0,1,0,0
images/train/frame_1770.jpg,labels/train/frame_1770.txt,1770,3,train,0,1,0,0
images/train/frame_1780.jpg,labels/train/frame_1780.txt,1780,3,train,0,1,0,0
images/train/frame_1790.jpg,labels/train/frame_1790.txt,1790,3,train,0,1,0,0
images/train/frame_1800.jpg,labels/train/frame_1800.txt,1800,3,train,0,1,0,0
images/train/frame_1810.jpg,labels/train/frame_1810.txt,1810,3,train,0,0,0,0
images/train/frame_1820.jpg,labels/train/frame_1820.txt,1820,3,train,0,0,0,0
images/train/frame_1830.jpg,labels/train/frame_1830.txt,1830,3,train,0,0,0,0
images/train/frame_1840.jpg,labels/train/frame_1840.txt,1840,3,train,0,0,0,0
images/train/frame_1850.jpg,labels/train/frame_1850.txt,1850,3,train,0,1,0,0
images/train/frame_1860.jpg,labels/train/frame_1860.txt,1860,3,train,0,1,0,0
images/train/frame_1870.jpg,labels/train/frame_1870.txt,1870,3,train,0,1,0,0
images/train/frame_1880.jpg,labels/train/frame_1880.txt,1880,3,train,0,1,0,0
images/train/frame_1890.jpg,labels/train/frame_1890.txt,1890,3,train,0,1,0,0
images/train/frame_1900.jpg,labels/train/frame_1900.txt,1900,3,train,0,1,0,0
images/train/frame_1910.jpg,labels/train/frame_1910.txt,1910,3,train,0,1,0,0
images/train/frame_1920.jpg,labels/train/frame_1920.txt,1920,3,train,0,1,0,0
images/train/frame_1930.jpg,labels/train/frame_1930.txt,1930,3,train,0,1,0,0
images/train/frame_1940.jpg,labels/train/frame_1940.txt,1940,3,train,0,1,0,0
images/train/frame_1950.jpg,labels/train/frame_1950.txt,1950,3,train,0,1,0,0
images/train/frame_1960.jpg,labels/train/frame_1960.txt,1960,3,train,0,1,0,0
images/train/frame_1970.jpg,labels/train/frame_1970.txt,1970,3,train,0,0,0,0
images/train/frame_1980.jpg,labels/train/frame_1980.txt,1980,3,train,0,0,0,0
images/train/frame_1990.jpg,labels/train/frame_1990.txt,1990,3,train,0,0,0,0
images/train/frame_2000.jpg,labels/train/frame_2000.txt,2000,3,train,0,0,0,0
images/train/frame_2010.jpg,labels/train/frame_2010.txt,2010,3,train,0,0,0,0
images/train/frame_2020.jpg,labels/train/frame_2020.txt,2020,3,train,0,0,0,0
images/train/frame_2030.jpg,labels/train/frame_2030.txt,2030,3,train,0,0,0,0
images/train/frame_2040.jpg,labels/train/frame_2040.txt,2040,3,train,0,0,0,0
images/train/frame_2050.jpg,labels/train/frame_2050.txt,2050,3,train,0,0,0,0
images/train/frame_2060.jpg,labels/train/frame_2060.txt,2060,3,train,0,0,0,0
images/train/frame_2070.jpg,labels/train/frame_2070.txt,2070,3,train,0,0,0,0
images/train/frame_2080.jpg,labels/train/frame_2080.txt,2080,3,train,0,0,0,0
images/train/frame_2090.jpg,labels/train/frame_2090.txt,2090,3,train,0,0,0,0
images/train/frame_2100.jpg,labels/train/frame_2100.txt,2100,3,train,0,0,0,0
images/train/frame_2110.jpg,labels/train/frame_2110.txt,2110,3,train,0,0,0,0
images/train/frame_2120.jpg,labels/train/frame_2120.txt,2120,3,train,0,0,0,0
images/train/frame_2130.jpg,labels/train/frame_2130.txt,2130,3,train,0,0,0,0
images/train/frame_2140.jpg,labels/train/frame_2140.txt,2140,3,train,0,0,0,0
images/train/frame_2150.jpg,labels/train/frame_2150.txt,2150,3,train,0,0,0,0
images/train/frame_2160.jpg,labels/train/frame_2160.txt,2160,3,train,0,0,0,0
images/train/frame_2170.jpg,labels/train/frame_2170.txt,2170,3,train,0,1,0,0
images/train/frame_2180.jpg,labels/train/frame_2180.txt,2180,3,train,0,1,0,0
images/train/frame_2190.jpg,labels/train/frame_2190.txt,2190,3,train,0,0,0,0
images/train/frame_2200.jpg,labels/train/frame_2200.txt,2200,3,train,0,0,0,0
images/train/frame_2210.jpg,labels/train/frame_2210.txt,2210,3,train,0,0,0,0
images/train/frame_2220.jpg,labels/train/frame_2220.txt,2220,3,train,0,0,0,0
images/train/frame_2230.jpg,labels/train/frame_2230.txt,2230,3,train,0,0,0,0
images/train/frame_2240.jpg,labels/train/frame_2240.txt,2240,3,train,0,0,0,0
images/train/frame_2250.jpg,labels/train/frame_2250.txt,2250,3,train,0,0,0,0
images/train/frame_2260.jpg,labels/train/frame_2260.txt,2260,3,train,0,0,0,0
images/train/frame_2270.jpg,labels/train/frame_2270.txt,2270,3,train,0,0,0,0
images/train/frame_2280.jpg,labels/train/frame_2280.txt,2280,3,train,0,0,0,0
images/train/frame_2290.jpg,labels/train/frame_2290.txt,2290,3,train,0,0,0,0
images/train/frame_2300.jpg,labels/train/frame_2300.txt,2300,3,train,0,0,0,0
images/train/frame_2310.jpg,labels/train/frame_2310.txt,2310,3,train,0,0,0,0
images/train/frame_2320.jpg,labels/train/frame_2320.txt,2320,3,train,0,0,0,0
images/train/frame_2330.jpg,labels/train/frame_2330.txt,2330,3,train,0,0,0,0
images/train/frame_2340.jpg,labels/train/frame_2340.txt,2340,3,train,0,0,0,0
images/val/frame_2360.jpg,labels/val/frame_2360.txt,2360,4,val,0,0,0,0
images/val/frame_2370.jpg,labels/val/frame_2370.txt,2370,4,val,0,0,0,0
images/test/frame_2490.jpg,labels/test/frame_2490.txt,2490,5,test,0,0,0,0
images/test/frame_2500.jpg,labels/test/frame_2500.txt,2500,5,test,0,0,0,0
images/test/frame_2510.jpg,labels/test/frame_2510.txt,2510,5,test,0,0,0,0
images/test/frame_2520.jpg,labels/test/frame_2520.txt,2520,5,test,0,0,0,0
images/test/frame_2530.jpg,labels/test/frame_2530.txt,2530,5,test,0,0,0,0
images/test/frame_2540.jpg,labels/test/frame_2540.txt,2540,5,test,0,0,0,0
images/test/frame_2550.jpg,labels/test/frame_2550.txt,2550,5,test,0,0,0,0
images/test/frame_2560.jpg,labels/test/frame_2560.txt,2560,5,test,0,0,0,0
images/test/frame_2570.jpg,labels/test/frame_2570.txt,2570,5,test,0,0,0,0
images/test/frame_2580.jpg,labels/test/frame_2580.txt,2580,5,test,0,0,0,0
images/test/frame_2590.jpg,labels/test/frame_2590.txt,2590,5,test,0,0,0,0
images/test/frame_2600.jpg,labels/test/frame_2600.txt,2600,5,test,0,0,0,0
images/test/frame_2610.jpg,labels/test/frame_2610.txt,2610,5,test,0,0,0,0
images/test/frame_2620.jpg,labels/test/frame_2620.txt,2620,5,test,0,0,0,0
images/test/frame_2630.jpg,labels/test/frame_2630.txt,2630,5,test,0,0,0,0
images/test/frame_2640.jpg,labels/test/frame_2640.txt,2640,5,test,0,0,0,0
images/test/frame_2650.jpg,labels/test/frame_2650.txt,2650,5,test,0,0,0,0
images/test/frame_2660.jpg,labels/test/frame_2660.txt,2660,5,test,0,0,0,0
images/test/frame_2670.jpg,labels/test/frame_2670.txt,2670,5,test,0,0,0,0
images/test/frame_2680.jpg,labels/test/frame_2680.txt,2680,5,test,0,0,0,0
images/test/frame_2690.jpg,labels/test/frame_2690.txt,2690,5,test,0,0,0,0
images/test/frame_2700.jpg,labels/test/frame_2700.txt,2700,5,test,0,0,0,0
images/test/frame_2710.jpg,labels/test/frame_2710.txt,2710,5,test,0,0,0,0
images/test/frame_2730.jpg,labels/test/frame_2730.txt,2730,6,test,0,0,0,0
images/test/frame_2740.jpg,labels/test/frame_2740.txt,2740,6,test,0,0,0,0
images/test/frame_2750.jpg,labels/test/frame_2750.txt,2750,6,test,0,0,0,0
images/train/frame_2770.jpg,labels/train/frame_2770.txt,2770,7,train,0,0,0,0
images/train/frame_2780.jpg,labels/train/frame_2780.txt,2780,7,train,0,0,0,0
images/train/frame_2790.jpg,labels/train/frame_2790.txt,2790,7,train,0,0,0,0
images/train/frame_2800.jpg,labels/train/frame_2800.txt,2800,7,train,0,0,0,0
images/train/frame_2810.jpg,labels/train/frame_2810.txt,2810,7,train,0,0,0,0
images/train/frame_2820.jpg,labels/train/frame_2820.txt,2820,7,train,0,0,0,0
images/train/frame_2850.jpg,labels/train/frame_2850.txt,2850,8,train,0,0,0,0
images/train/frame_2860.jpg,labels/train/frame_2860.txt,2860,8,train,0,0,0,0
images/train/frame_2870.jpg,labels/train/frame_2870.txt,2870,8,train,0,0,0,0
images/train/frame_2880.jpg,labels/train/frame_2880.txt,2880,8,train,0,0,0,0
images/train/frame_2890.jpg,labels/train/frame_2890.txt,2890,8,train,0,0,0,0
images/train/frame_2900.jpg,labels/train/frame_2900.txt,2900,8,train,0,1,0,0
images/train/frame_2910.jpg,labels/train/frame_2910.txt,2910,8,train,0,1,0,0
images/train/frame_2920.jpg,labels/train/frame_2920.txt,2920,8,train,0,1,0,0
images/train/frame_2930.jpg,labels/train/frame_2930.txt,2930,8,train,0,1,0,0
images/train/frame_2940.jpg,labels/train/frame_2940.txt,2940,8,train,0,0,0,0
images/train/frame_2950.jpg,labels/train/frame_2950.txt,2950,8,train,0,0,0,0
images/train/frame_2960.jpg,labels/train/frame_2960.txt,2960,8,train,0,0,0,0
images/train/frame_2970.jpg,labels/train/frame_2970.txt,2970,8,train,0,0,0,0
images/train/frame_2980.jpg,labels/train/frame_2980.txt,2980,8,train,0,0,0,0
images/train/frame_2990.jpg,labels/train/frame_2990.txt,2990,8,train,0,0,0,0
images/train/frame_3000.jpg,labels/train/frame_3000.txt,3000,8,train,0,0,0,0
images/train/frame_3010.jpg,labels/train/frame_3010.txt,3010,8,train,0,1,0,0
images/train/frame_3020.jpg,labels/train/frame_3020.txt,3020,8,train,0,1,0,0
images/train/frame_3030.jpg,labels/train/frame_3030.txt,3030,8,train,0,1,0,0
images/train/frame_3040.jpg,labels/train/frame_3040.txt,3040,8,train,0,1,0,0
images/train/frame_3050.jpg,labels/train/frame_3050.txt,3050,8,train,0,1,0,0
images/train/frame_3060.jpg,labels/train/frame_3060.txt,3060,8,train,0,1,0,0
images/train/frame_3070.jpg,labels/train/frame_3070.txt,3070,8,train,0,1,0,0
images/train/frame_3080.jpg,labels/train/frame_3080.txt,3080,8,train,0,0,0,0
images/train/frame_3090.jpg,labels/train/frame_3090.txt,3090,8,train,0,0,0,0
images/train/frame_3100.jpg,labels/train/frame_3100.txt,3100,8,train,0,0,0,0
images/train/frame_3110.jpg,labels/train/frame_3110.txt,3110,8,train,0,0,0,0
images/train/frame_3120.jpg,labels/train/frame_3120.txt,3120,8,train,0,0,0,0
images/train/frame_3130.jpg,labels/train/frame_3130.txt,3130,8,train,0,0,0,0
images/train/frame_3140.jpg,labels/train/frame_3140.txt,3140,8,train,0,0,0,0
images/train/frame_3150.jpg,labels/train/frame_3150.txt,3150,8,train,0,0,0,0
images/train/frame_3160.jpg,labels/train/frame_3160.txt,3160,8,train,0,0,0,0
images/train/frame_3170.jpg,labels/train/frame_3170.txt,3170,8,train,0,0,0,0
images/train/frame_3180.jpg,labels/train/frame_3180.txt,3180,8,train,0,0,0,0
images/train/frame_3190.jpg,labels/train/frame_3190.txt,3190,8,train,0,0,0,0
images/train/frame_3200.jpg,labels/train/frame_3200.txt,3200,8,train,0,0,0,0
images/train/frame_3210.jpg,labels/train/frame_3210.txt,3210,8,train,0,0,0,0
images/train/frame_3220.jpg,labels/train/frame_3220.txt,3220,8,train,0,0,0,0
images/train/frame_3230.jpg,labels/train/frame_3230.txt,3230,8,train,0,0,0,0
images/train/frame_3240.jpg,labels/train/frame_3240.txt,3240,8,train,0,0,0,0
images/train/frame_3250.jpg,labels/train/frame_3250.txt,3250,8,train,0,0,0,0
images/train/frame_3260.jpg,labels/train/frame_3260.txt,3260,8,train,0,0,0,0
images/train/frame_3270.jpg,labels/train/frame_3270.txt,3270,8,train,0,0,0,0
images/train/frame_3280.jpg,labels/train/frame_3280.txt,3280,8,train,0,0,0,0
images/train/frame_3290.jpg,labels/train/frame_3290.txt,3290,8,train,0,0,0,0
images/train/frame_3300.jpg,labels/train/frame_3300.txt,3300,8,train,0,0,0,0
images/train/frame_3310.jpg,labels/train/frame_3310.txt,3310,8,train,0,1,0,0
images/train/frame_3320.jpg,labels/train/frame_3320.txt,3320,8,train,0,1,0,0
images/train/frame_3330.jpg,labels/train/frame_3330.txt,3330,8,train,0,1,0,0
images/train/frame_3340.jpg,labels/train/frame_3340.txt,3340,8,train,0,1,0,0
images/train/frame_3350.jpg,labels/train/frame_3350.txt,3350,8,train,0,1,0,0
images/train/frame_3360.jpg,labels/train/frame_3360.txt,3360,8,train,0,1,0,0
images/train/frame_3370.jpg,labels/train/frame_3370.txt,3370,8,train,0,1,0,0
images/train/frame_3380.jpg,labels/train/frame_3380.txt,3380,8,train,0,1,0,0
images/train/frame_3390.jpg,labels/train/frame_3390.txt,3390,8,train,0,1,0,0
images/train/frame_3400.jpg,labels/train/frame_3400.txt,3400,8,train,0,1,0,0
images/train/frame_3410.jpg,labels/train/frame_3410.txt,3410,8,train,0,1,0,0
images/train/frame_3420.jpg,labels/train/frame_3420.txt,3420,8,train,0,1,0,0
images/train/frame_3430.jpg,labels/train/frame_3430.txt,3430,8,train,0,0,0,0
images/train/frame_3440.jpg,labels/train/frame_3440.txt,3440,8,train,0,0,0,0
images/train/frame_3450.jpg,labels/train/frame_3450.txt,3450,8,train,0,0,0,0
images/train/frame_3460.jpg,labels/train/frame_3460.txt,3460,8,train,0,0,0,0
images/train/frame_3470.jpg,labels/train/frame_3470.txt,3470,8,train,0,0,0,0
images/train/frame_3480.jpg,labels/train/frame_3480.txt,3480,8,train,0,0,0,0
images/train/frame_3490.jpg,labels/train/frame_3490.txt,3490,8,train,0,0,0,0
images/train/frame_3500.jpg,labels/train/frame_3500.txt,3500,8,train,0,0,0,0
images/train/frame_3510.jpg,labels/train/frame_3510.txt,3510,8,train,0,0,1,0
images/train/frame_3520.jpg,labels/train/frame_3520.txt,3520,8,train,0,0,1,0
images/train/frame_3530.jpg,labels/train/frame_3530.txt,3530,8,train,0,0,0,0
images/train/frame_3540.jpg,labels/train/frame_3540.txt,3540,8,train,0,0,0,0
images/train/frame_3550.jpg,labels/train/frame_3550.txt,3550,8,train,0,0,1,0
images/train/frame_3560.jpg,labels/train/frame_3560.txt,3560,8,train,0,0,0,0
images/train/frame_3570.jpg,labels/train/frame_3570.txt,3570,8,train,0,0,0,0
images/train/frame_3580.jpg,labels/train/frame_3580.txt,3580,8,train,0,0,0,0
images/train/frame_3590.jpg,labels/train/frame_3590.txt,3590,8,train,0,0,0,0
images/train/frame_3600.jpg,labels/train/frame_3600.txt,3600,8,train,0,0,0,0
images/train/frame_3610.jpg,labels/train/frame_3610.txt,3610,8,train,0,2,0,0
images/train/frame_3620.jpg,labels/train/frame_3620.txt,3620,8,train,0,2,0,0
images/train/frame_3630.jpg,labels/train/frame_3630.txt,3630,8,train,0,2,0,0
images/train/frame_3640.jpg,labels/train/frame_3640.txt,3640,8,train,0,0,0,0
images/train/frame_3650.jpg,labels/train/frame_3650.txt,3650,8,train,0,1,0,0
images/train/frame_3660.jpg,labels/train/frame_3660.txt,3660,8,train,0,1,0,0
images/train/frame_3670.jpg,labels/train/frame_3670.txt,3670,8,train,0,1,0,0
images/train/frame_3680.jpg,labels/train/frame_3680.txt,3680,8,train,0,1,0,0
images/train/frame_3690.jpg,labels/train/frame_3690.txt,3690,8,train,0,1,0,0
images/train/frame_3700.jpg,labels/train/frame_3700.txt,3700,8,train,0,1,0,0
images/train/frame_3710.jpg,labels/train/frame_3710.txt,3710,8,train,0,1,0,0
images/train/frame_3720.jpg,labels/train/frame_3720.txt,3720,8,train,0,1,0,0
images/train/frame_3730.jpg,labels/train/frame_3730.txt,3730,8,train,0,2,0,0
images/train/frame_3740.jpg,labels/train/frame_3740.txt,3740,8,train,0,2,0,0
images/train/frame_3750.jpg,labels/train/frame_3750.txt,3750,8,train,0,2,0,0
images/train/frame_3760.jpg,labels/train/frame_3760.txt,3760,8,train,0,2,0,0
images/train/frame_3770.jpg,labels/train/frame_3770.txt,3770,8,train,0,3,0,0
images/train/frame_3780.jpg,labels/train/frame_3780.txt,3780,8,train,0,3,0,0
images/train/frame_3790.jpg,labels/train/frame_3790.txt,3790,8,train,0,3,0,0
images/train/frame_3800.jpg,labels/train/frame_3800.txt,3800,8,train,0,4,0,0
images/train/frame_3810.jpg,labels/train/frame_3810.txt,3810,8,train,0,4,0,0
images/train/frame_3820.jpg,labels/train/frame_3820.txt,3820,8,train,0,4,0,0
images/train/frame_3830.jpg,labels/train/frame_3830.txt,3830,8,train,0,4,0,0
images/train/frame_3840.jpg,labels/train/frame_3840.txt,3840,8,train,0,3,0,0
images/train/frame_3850.jpg,labels/train/frame_3850.txt,3850,8,train,0,1,0,0
images/train/frame_3860.jpg,labels/train/frame_3860.txt,3860,8,train,0,0,0,0
images/test/frame_3880.jpg,labels/test/frame_3880.txt,3880,9,test,1,1,1,0
images/test/frame_3890.jpg,labels/test/frame_3890.txt,3890,9,test,0,1,1,0
images/test/frame_3900.jpg,labels/test/frame_3900.txt,3900,9,test,0,0,0,0
images/test/frame_3910.jpg,labels/test/frame_3910.txt,3910,9,test,0,2,0,0
images/test/frame_3920.jpg,labels/test/frame_3920.txt,3920,9,test,0,2,0,0
images/test/frame_3930.jpg,labels/test/frame_3930.txt,3930,9,test,0,4,0,0
images/test/frame_3940.jpg,labels/test/frame_3940.txt,3940,9,test,0,4,0,0
images/test/frame_3950.jpg,labels/test/frame_3950.txt,3950,9,test,0,5,0,3
images/test/frame_3960.jpg,labels/test/frame_3960.txt,3960,9,test,1,3,0,3
images/test/frame_3970.jpg,labels/test/frame_3970.txt,3970,9,test,2,1,0,3
images/test/frame_3980.jpg,labels/test/frame_3980.txt,3980,9,test,1,1,0,4
images/test/frame_3990.jpg,labels/test/frame_3990.txt,3990,9,test,0,3,0,5
images/test/frame_4000.jpg,labels/test/frame_4000.txt,4000,9,test,0,2,0,4
images/test/frame_4010.jpg,labels/test/frame_4010.txt,4010,9,test,0,1,0,3
images/test/frame_4020.jpg,labels/test/frame_4020.txt,4020,9,test,0,0,0,0
images/test/frame_4030.jpg,labels/test/frame_4030.txt,4030,9,test,0,0,0,0
images/test/frame_4040.jpg,labels/test/frame_4040.txt,4040,9,test,0,0,0,0
images/test/frame_4050.jpg,labels/test/frame_4050.txt,4050,9,test,0,2,0,0
images/test/frame_4060.jpg,labels/test/frame_4060.txt,4060,9,test,0,2,0,1
images/test/frame_4070.jpg,labels/test/frame_4070.txt,4070,9,test,0,2,0,1
images/test/frame_4080.jpg,labels/test/frame_4080.txt,4080,9,test,0,2,0,1
images/test/frame_4090.jpg,labels/test/frame_4090.txt,4090,9,test,0,2,0,0
images/test/frame_4100.jpg,labels/test/frame_4100.txt,4100,9,test,0,2,0,0
images/test/frame_4110.jpg,labels/test/frame_4110.txt,4110,9,test,0,2,0,0
images/test/frame_4120.jpg,labels/test/frame_4120.txt,4120,9,test,0,1,0,0
images/test/frame_4130.jpg,labels/test/frame_4130.txt,4130,9,test,0,0,0,0
images/test/frame_4140.jpg,labels/test/frame_4140.txt,4140,9,test,0,0,0,0
images/test/frame_4150.jpg,labels/test/frame_4150.txt,4150,9,test,0,0,0,0
images/test/frame_4160.jpg,labels/test/frame_4160.txt,4160,9,test,0,4,0,0
images/test/frame_4170.jpg,labels/test/frame_4170.txt,4170,9,test,0,3,0,0
images/test/frame_4180.jpg,labels/test/frame_4180.txt,4180,9,test,0,2,0,0
images/test/frame_4190.jpg,labels/test/frame_4190.txt,4190,9,test,0,1,0,0
images/test/frame_4200.jpg,labels/test/frame_4200.txt,4200,9,test,0,2,0,0
images/test/frame_4210.jpg,labels/test/frame_4210.txt,4210,9,test,0,3,0,0
images/test/frame_4220.jpg,labels/test/frame_4220.txt,4220,9,test,0,5,0,1
images/train/frame_4240.jpg,labels/train/frame_4240.txt,4240,10,train,0,6,0,1
images/train/frame_4250.jpg,labels/train/frame_4250.txt,4250,10,train,0,5,0,1
images/train/frame_4260.jpg,labels/train/frame_4260.txt,4260,10,train,0,4,0,1
images/train/frame_4270.jpg,labels/train/frame_4270.txt,4270,10,train,0,2,0,0
images/train/frame_4280.jpg,labels/train/frame_4280.txt,4280,10,train,0,3,0,0
images/train/frame_4290.jpg,labels/train/frame_4290.txt,4290,10,train,0,4,0,0
images/train/frame_4300.jpg,labels/train/frame_4300.txt,4300,10,train,0,4,0,0
images/train/frame_4310.jpg,labels/train/frame_4310.txt,4310,10,train,0,2,0,0
images/train/frame_4320.jpg,labels/train/frame_4320.txt,4320,10,train,0,1,0,0
images/train/frame_4330.jpg,labels/train/frame_4330.txt,4330,10,train,0,1,0,0
images/train/frame_4340.jpg,labels/train/frame_4340.txt,4340,10,train,0,0,0,0
images/train/frame_4350.jpg,labels/train/frame_4350.txt,4350,10,train,0,0,0,0
images/train/frame_4360.jpg,labels/train/frame_4360.txt,4360,10,train,0,0,0,0
images/train/frame_4370.jpg,labels/train/frame_4370.txt,4370,10,train,0,0,0,0
images/train/frame_4380.jpg,labels/train/frame_4380.txt,4380,10,train,0,0,0,0
images/train/frame_4390.jpg,labels/train/frame_4390.txt,4390,10,train,0,0,0,0
images/train/frame_4400.jpg,labels/train/frame_4400.txt,4400,10,train,0,0,0,0
images/train/frame_4410.jpg,labels/train/frame_4410.txt,4410,10,train,0,0,0,0
images/train/frame_4420.jpg,labels/train/frame_4420.txt,4420,10,train,0,0,0,0
images/train/frame_4430.jpg,labels/train/frame_4430.txt,4430,10,train,0,0,0,0
images/train/frame_4440.jpg,labels/train/frame_4440.txt,4440,10,train,0,0,0,0
images/train/frame_4450.jpg,labels/train/frame_4450.txt,4450,10,train,0,0,0,0
images/train/frame_4460.jpg,labels/train/frame_4460.txt,4460,10,train,0,0,0,0
images/train/frame_4470.jpg,labels/train/frame_4470.txt,4470,10,train,0,0,0,0
images/train/frame_4480.jpg,labels/train/frame_4480.txt,4480,10,train,0,1,0,0
images/train/frame_4490.jpg,labels/train/frame_4490.txt,4490,10,train,0,1,0,0
images/train/frame_4520.jpg,labels/train/frame_4520.txt,4520,11,train,0,2,0,0
images/train/frame_4530.jpg,labels/train/frame_4530.txt,4530,11,train,0,2,0,0
images/train/frame_4540.jpg,labels/train/frame_4540.txt,4540,11,train,0,2,0,0
images/train/frame_4550.jpg,labels/train/frame_4550.txt,4550,11,train,0,2,0,0
images/train/frame_4560.jpg,labels/train/frame_4560.txt,4560,11,train,0,2,0,0
images/train/frame_4570.jpg,labels/train/frame_4570.txt,4570,11,train,0,2,0,0
images/train/frame_4580.jpg,labels/train/frame_4580.txt,4580,11,train,0,3,0,0
images/train/frame_4590.jpg,labels/train/frame_4590.txt,4590,11,train,0,2,0,0
images/train/frame_4600.jpg,labels/train/frame_4600.txt,4600,11,train,0,1,0,0
images/train/frame_4610.jpg,labels/train/frame_4610.txt,4610,11,train,0,1,0,0
images/train/frame_4620.jpg,labels/train/frame_4620.txt,4620,11,train,0,0,0,0
images/train/frame_4630.jpg,labels/train/frame_4630.txt,4630,11,train,0,0,0,0
images/train/frame_4640.jpg,labels/train/frame_4640.txt,4640,11,train,0,0,0,0
images/train/frame_4650.jpg,labels/train/frame_4650.txt,4650,11,train,0,3,0,0
images/train/frame_4660.jpg,labels/train/frame_4660.txt,4660,11,train,0,3,0,0
images/train/frame_4670.jpg,labels/train/frame_4670.txt,4670,11,train,0,3,0,0
images/train/frame_4680.jpg,labels/train/frame_4680.txt,4680,11,train,0,3,0,0
images/train/frame_4690.jpg,labels/train/frame_4690.txt,4690,11,train,0,3,0,0
images/train/frame_4700.jpg,labels/train/frame_4700.txt,4700,11,train,0,0,0,0
images/train/frame_4710.jpg,labels/train/frame_4710.txt,4710,11,train,0,0,0,0
images/train/frame_4720.jpg,labels/train/frame_4720.txt,4720,11,train,0,0,0,0
images/train/frame_4730.jpg,labels/train/frame_4730.txt,4730,11,train,0,0,0,0
images/train/frame_4740.jpg,labels/train/frame_4740.txt,4740,11,train,0,0,0,0
images/train/frame_4750.jpg,labels/train/frame_4750.txt,4750,11,train,0,0,0,0
images/train/frame_4760.jpg,labels/train/frame_4760.txt,4760,11,train,0,0,0,0
images/train/frame_4770.jpg,labels/train/frame_4770.txt,4770,11,train,0,0,0,0
images/train/frame_4780.jpg,labels/train/frame_4780.txt,4780,11,train,0,0,0,0
images/train/frame_4790.jpg,labels/train/frame_4790.txt,4790,11,train,0,0,0,0
images/train/frame_4800.jpg,labels/train/frame_4800.txt,4800,11,train,0,0,0,0
images/train/frame_4810.jpg,labels/train/frame_4810.txt,4810,11,train,0,0,0,0
images/train/frame_4820.jpg,labels/train/frame_4820.txt,4820,11,train,0,0,0,0
images/train/frame_4830.jpg,labels/train/frame_4830.txt,4830,11,train,0,0,0,0
images/train/frame_4840.jpg,labels/train/frame_4840.txt,4840,11,train,0,0,0,0
images/train/frame_4850.jpg,labels/train/frame_4850.txt,4850,11,train,0,0,0,0
images/train/frame_4860.jpg,labels/train/frame_4860.txt,4860,11,train,0,1,0,0
images/train/frame_4870.jpg,labels/train/frame_4870.txt,4870,11,train,0,1,0,0
images/train/frame_4880.jpg,labels/train/frame_4880.txt,4880,11,train,0,1,0,0
images/train/frame_4890.jpg,labels/train/frame_4890.txt,4890,11,train,0,1,0,0
images/train/frame_4900.jpg,labels/train/frame_4900.txt,4900,11,train,0,1,0,0
images/train/frame_4910.jpg,labels/train/frame_4910.txt,4910,11,train,0,5,0,0
images/train/frame_4920.jpg,labels/train/frame_4920.txt,4920,11,train,0,2,0,0
images/train/frame_4930.jpg,labels/train/frame_4930.txt,4930,11,train,0,5,0,0
images/train/frame_4940.jpg,labels/train/frame_4940.txt,4940,11,train,0,6,0,0
images/train/frame_4950.jpg,labels/train/frame_4950.txt,4950,11,train,0,5,0,0
images/train/frame_4960.jpg,labels/train/frame_4960.txt,4960,11,train,0,5,0,0
images/train/frame_4970.jpg,labels/train/frame_4970.txt,4970,11,train,0,5,0,0
images/train/frame_4980.jpg,labels/train/frame_4980.txt,4980,11,train,0,6,0,0
images/train/frame_4990.jpg,labels/train/frame_4990.txt,4990,11,train,0,5,0,0
images/train/frame_5000.jpg,labels/train/frame_5000.txt,5000,11,train,0,5,0,0
images/train/frame_5010.jpg,labels/train/frame_5010.txt,5010,11,train,0,4,0,0
images/train/frame_5020.jpg,labels/train/frame_5020.txt,5020,11,train,0,6,0,0
images/train/frame_5030.jpg,labels/train/frame_5030.txt,5030,11,train,0,6,0,0
images/train/frame_5040.jpg,labels/train/frame_5040.txt,5040,11,train,0,6,0,0
images/train/frame_5050.jpg,labels/train/frame_5050.txt,5050,11,train,0,7,0,0
images/train/frame_5060.jpg,labels/train/frame_5060.txt,5060,11,train,0,3,0,0
images/train/frame_5070.jpg,labels/train/frame_5070.txt,5070,11,train,0,3,0,0
images/train/frame_5080.jpg,labels/train/frame_5080.txt,5080,11,train,0,4,0,0
images/train/frame_5090.jpg,labels/train/frame_5090.txt,5090,11,train,0,7,0,0
images/train/frame_5100.jpg,labels/train/frame_5100.txt,5100,11,train,0,6,0,0
images/train/frame_5110.jpg,labels/train/frame_5110.txt,5110,11,train,0,7,0,0
images/train/frame_5120.jpg,labels/train/frame_5120.txt,5120,11,train,0,6,0,0
images/train/frame_5130.jpg,labels/train/frame_5130.txt,5130,11,train,0,6,0,0
images/train/frame_5140.jpg,labels/train/frame_5140.txt,5140,11,train,0,5,0,0
images/train/frame_5150.jpg,labels/train/frame_5150.txt,5150,11,train,0,5,0,0
images/train/frame_5160.jpg,labels/train/frame_5160.txt,5160,11,train,0,6,0,0
images/train/frame_5170.jpg,labels/train/frame_5170.txt,5170,11,train,0,4,0,0
images/val/frame_5190.jpg,labels/val/frame_5190.txt,5190,12,val,0,1,0,0
images/val/frame_5200.jpg,labels/val/frame_5200.txt,5200,12,val,0,4,0,0
images/val/frame_5210.jpg,labels/val/frame_5210.txt,5210,12,val,0,4,0,0
images/val/frame_5220.jpg,labels/val/frame_5220.txt,5220,12,val,0,4,0,0
images/val/frame_5230.jpg,labels/val/frame_5230.txt,5230,12,val,0,4,0,0
images/val/frame_5240.jpg,labels/val/frame_5240.txt,5240,12,val,0,4,0,0
images/val/frame_5250.jpg,labels/val/frame_5250.txt,5250,12,val,0,0,0,0
images/val/frame_5260.jpg,labels/val/frame_5260.txt,5260,12,val,0,0,0,0
images/val/frame_5270.jpg,labels/val/frame_5270.txt,5270,12,val,0,0,0,0
images/val/frame_5280.jpg,labels/val/frame_5280.txt,5280,12,val,0,1,0,0
images/val/frame_5290.jpg,labels/val/frame_5290.txt,5290,12,val,0,1,0,0
images/val/frame_5300.jpg,labels/val/frame_5300.txt,5300,12,val,0,1,0,0
images/val/frame_5310.jpg,labels/val/frame_5310.txt,5310,12,val,0,1,0,0
images/val/frame_5320.jpg,labels/val/frame_5320.txt,5320,12,val,0,1,0,0
images/val/frame_5330.jpg,labels/val/frame_5330.txt,5330,12,val,0,1,0,0
images/train/frame_5360.jpg,labels/train/frame_5360.txt,5360,13,train,0,0,0,0
images/train/frame_5370.jpg,labels/train/frame_5370.txt,5370,13,train,0,0,0,0
images/train/frame_5380.jpg,labels/train/frame_5380.txt,5380,13,train,0,0,0,0
images/train/frame_5390.jpg,labels/train/frame_5390.txt,5390,13,train,0,0,0,0
images/train/frame_5400.jpg,labels/train/frame_5400.txt,5400,13,train,0,0,0,0
images/train/frame_5410.jpg,labels/train/frame_5410.txt,5410,13,train,0,0,0,0
images/train/frame_5420.jpg,labels/train/frame_5420.txt,5420,13,train,0,0,0,0
images/train/frame_5430.jpg,labels/train/frame_5430.txt,5430,13,train,0,0,0,0
images/train/frame_5440.jpg,labels/train/frame_5440.txt,5440,13,train,0,0,0,0
images/train/frame_5450.jpg,labels/train/frame_5450.txt,5450,13,train,0,0,0,0
images/train/frame_5460.jpg,labels/train/frame_5460.txt,5460,13,train,0,0,0,0
images/train/frame_5470.jpg,labels/train/frame_5470.txt,5470,13,train,0,0,0,0
images/train/frame_5480.jpg,labels/train/frame_5480.txt,5480,13,train,0,0,0,0
images/train/frame_5490.jpg,labels/train/frame_5490.txt,5490,13,train,0,0,0,0
images/train/frame_5500.jpg,labels/train/frame_5500.txt,5500,13,train,0,0,0,0
images/train/frame_5510.jpg,labels/train/frame_5510.txt,5510,13,train,0,0,0,0
images/train/frame_5520.jpg,labels/train/frame_5520.txt,5520,13,train,0,0,0,0
images/train/frame_5530.jpg,labels/train/frame_5530.txt,5530,13,train,0,0,0,0
images/train/frame_5540.jpg,labels/train/frame_5540.txt,5540,13,train,0,0,0,0
images/train/frame_5550.jpg,labels/train/frame_5550.txt,5550,13,train,0,0,0,0
images/train/frame_5560.jpg,labels/train/frame_5560.txt,5560,13,train,0,0,0,0
images/train/frame_5570.jpg,labels/train/frame_5570.txt,5570,13,train,0,0,0,0
images/train/frame_5580.jpg,labels/train/frame_5580.txt,5580,13,train,0,0,0,0
images/train/frame_5590.jpg,labels/train/frame_5590.txt,5590,13,train,0,0,0,0
images/train/frame_5600.jpg,labels/train/frame_5600.txt,5600,13,train,0,0,0,0
images/train/frame_5610.jpg,labels/train/frame_5610.txt,5610,13,train,0,0,0,0
images/train/frame_5620.jpg,labels/train/frame_5620.txt,5620,13,train,0,0,0,0
images/train/frame_5630.jpg,labels/train/frame_5630.txt,5630,13,train,0,0,0,0
images/train/frame_5640.jpg,labels/train/frame_5640.txt,5640,13,train,0,0,0,0
images/train/frame_5650.jpg,labels/train/frame_5650.txt,5650,13,train,0,0,0,0
images/train/frame_5660.jpg,labels/train/frame_5660.txt,5660,13,train,0,0,0,0
images/train/frame_5670.jpg,labels/train/frame_5670.txt,5670,13,train,0,0,0,0
images/train/frame_5680.jpg,labels/train/frame_5680.txt,5680,13,train,0,0,0,0
images/train/frame_5690.jpg,labels/train/frame_5690.txt,5690,13,train,0,0,0,0
images/train/frame_5700.jpg,labels/train/frame_5700.txt,5700,13,train,0,0,0,0
images/train/frame_5710.jpg,labels/train/frame_5710.txt,5710,13,train,0,0,0,0
images/train/frame_5720.jpg,labels/train/frame_5720.txt,5720,13,train,0,0,0,0
images/train/frame_5730.jpg,labels/train/frame_5730.txt,5730,13,train,0,0,0,0
images/train/frame_5740.jpg,labels/train/frame_5740.txt,5740,13,train,0,0,0,0
images/train/frame_5750.jpg,labels/train/frame_5750.txt,5750,13,train,0,0,0,0
images/train/frame_5760.jpg,labels/train/frame_5760.txt,5760,13,train,0,0,0,0
images/train/frame_5770.jpg,labels/train/frame_5770.txt,5770,13,train,0,0,0,0
images/train/frame_5780.jpg,labels/train/frame_5780.txt,5780,13,train,0,0,0,0
images/train/frame_5790.jpg,labels/train/frame_5790.txt,5790,13,train,0,0,0,0
images/train/frame_5800.jpg,labels/train/frame_5800.txt,5800,13,train,0,0,0,0
images/train/frame_5810.jpg,labels/train/frame_5810.txt,5810,13,train,0,0,0,0
images/train/frame_5820.jpg,labels/train/frame_5820.txt,5820,13,train,0,0,1,0
images/train/frame_5830.jpg,labels/train/frame_5830.txt,5830,13,train,0,0,1,0
images/train/frame_5840.jpg,labels/train/frame_5840.txt,5840,13,train,0,0,1,0
images/train/frame_5850.jpg,labels/train/frame_5850.txt,5850,13,train,0,0,1,0
images/train/frame_5860.jpg,labels/train/frame_5860.txt,5860,13,train,0,1,1,0
images/train/frame_5870.jpg,labels/train/frame_5870.txt,5870,13,train,0,1,1,0
images/train/frame_5880.jpg,labels/train/frame_5880.txt,5880,13,train,0,1,0,0
images/train/frame_5890.jpg,labels/train/frame_5890.txt,5890,13,train,0,2,1,0
images/train/frame_5900.jpg,labels/train/frame_5900.txt,5900,13,train,0,1,1,0
images/train/frame_5910.jpg,labels/train/frame_5910.txt,5910,13,train,0,1,1,0
images/train/frame_5920.jpg,labels/train/frame_5920.txt,5920,13,train,0,0,1,0
images/train/frame_5930.jpg,labels/train/frame_5930.txt,5930,13,train,0,0,0,0
images/train/frame_5940.jpg,labels/train/frame_5940.txt,5940,13,train,0,0,0,0
images/train/frame_5950.jpg,labels/train/frame_5950.txt,5950,13,train,0,0,0,0
images/train/frame_5960.jpg,labels/train/frame_5960.txt,5960,13,train,0,0,0,0
images/train/frame_5970.jpg,labels/train/frame_5970.txt,5970,13,train,0,0,0,0
images/train/frame_5980.jpg,labels/train/frame_5980.txt,5980,13,train,0,0,0,0
images/train/frame_5990.jpg,labels/train/frame_5990.txt,5990,13,train,0,0,0,0
images/train/frame_6000.jpg,labels/train/frame_6000.txt,6000,13,train,0,0,0,0
images/train/frame_6010.jpg,labels/train/frame_6010.txt,6010,13,train,0,0,0,0
images/train/frame_6020.jpg,labels/train/frame_6020.txt,6020,13,train,0,0,0,0
images/train/frame_6030.jpg,labels/train/frame_6030.txt,6030,13,train,0,0,0,0
images/train/frame_6050.jpg,labels/train/frame_6050.txt,6050,14,train,0,0,0,0
images/train/frame_6060.jpg,labels/train/frame_6060.txt,6060,14,train,0,0,0,0
images/train/frame_6070.jpg,labels/train/frame_6070.txt,6070,14,train,0,0,0,0
images/train/frame_6080.jpg,labels/train/frame_6080.txt,6080,14,train,0,0,0,0
images/train/frame_6090.jpg,labels/train/frame_6090.txt,6090,14,train,0,1,0,0
images/train/frame_6100.jpg,labels/train/frame_6100.txt,6100,14,train,0,1,0,0
images/train/frame_6110.jpg,labels/train/frame_6110.txt,6110,14,train,0,1,0,0
images/train/frame_6120.jpg,labels/train/frame_6120.txt,6120,14,train,0,1,0,0
images/train/frame_6130.jpg,labels/train/frame_6130.txt,6130,14,train,0,0,0,0
images/train/frame_6140.jpg,labels/train/frame_6140.txt,6140,14,train,0,0,0,0
images/train/frame_6150.jpg,labels/train/frame_6150.txt,6150,14,train,0,0,0,0
images/train/frame_6160.jpg,labels/train/frame_6160.txt,6160,14,train,0,2,0,0
images/train/frame_6170.jpg,labels/train/frame_6170.txt,6170,14,train,0,2,0,0
images/train/frame_6180.jpg,labels/train/frame_6180.txt,6180,14,train,0,2,0,0
images/train/frame_6190.jpg,labels/train/frame_6190.txt,6190,14,train,0,2,0,0
images/train/frame_6200.jpg,labels/train/frame_6200.txt,6200,14,train,0,2,0,0
images/train/frame_6210.jpg,labels/train/frame_6210.txt,6210,14,train,0,0,0,0
images/train/frame_6220.jpg,labels/train/frame_6220.txt,6220,14,train,0,2,0,0
images/train/frame_6230.jpg,labels/train/frame_6230.txt,6230,14,train,0,2,0,0
images/train/frame_6240.jpg,labels/train/frame_6240.txt,6240,14,train,0,2,0,0
images/train/frame_6250.jpg,labels/train/frame_6250.txt,6250,14,train,0,2,0,0
images/train/frame_6260.jpg,labels/train/frame_6260.txt,6260,14,train,0,3,0,0
images/train/frame_6270.jpg,labels/train/frame_6270.txt,6270,14,train,0,3,0,0
images/train/frame_6280.jpg,labels/train/frame_6280.txt,6280,14,train,0,3,0,0
images/train/frame_6290.jpg,labels/train/frame_6290.txt,6290,14,train,0,2,0,0
images/train/frame_6300.jpg,labels/train/frame_6300.txt,6300,14,train,0,1,0,0
images/train/frame_6310.jpg,labels/train/frame_6310.txt,6310,14,train,0,1,0,0
images/train/frame_6320.jpg,labels/train/frame_6320.txt,6320,14,train,0,1,0,0
images/train/frame_6330.jpg,labels/train/frame_6330.txt,6330,14,train,0,0,0,0
images/train/frame_6340.jpg,labels/train/frame_6340.txt,6340,14,train,0,0,0,0
images/train/frame_6350.jpg,labels/train/frame_6350.txt,6350,14,train,0,0,0,0
images/train/frame_6360.jpg,labels/train/frame_6360.txt,6360,14,train,0,0,0,0
images/train/frame_6370.jpg,labels/train/frame_6370.txt,6370,14,train,0,2,0,0
images/train/frame_6380.jpg,labels/train/frame_6380.txt,6380,14,train,0,2,0,0
images/train/frame_6390.jpg,labels/train/frame_6390.txt,6390,14,train,0,1,0,0
images/train/frame_6400.jpg,labels/train/frame_6400.txt,6400,14,train,0,2,0,0
images/train/frame_6410.jpg,labels/train/frame_6410.txt,6410,14,train,0,2,0,0
images/train/frame_6420.jpg,labels/train/frame_6420.txt,6420,14,train,0,2,0,0
images/train/frame_6430.jpg,labels/train/frame_6430.txt,6430,14,train,0,2,0,0
images/train/frame_6440.jpg,labels/train/frame_6440.txt,6440,14,train,0,2,0,0
images/train/frame_6450.jpg,labels/train/frame_6450.txt,6450,14,train,0,2,0,0
images/train/frame_6460.jpg,labels/train/frame_6460.txt,6460,14,train,0,0,0,0
images/train/frame_6470.jpg,labels/train/frame_6470.txt,6470,14,train,0,0,0,0
images/train/frame_6480.jpg,labels/train/frame_6480.txt,6480,14,train,0,0,0,0
images/train/frame_6490.jpg,labels/train/frame_6490.txt,6490,14,train,0,0,0,0
images/train/frame_6500.jpg,labels/train/frame_6500.txt,6500,14,train,0,0,0,0
images/train/frame_6510.jpg,labels/train/frame_6510.txt,6510,14,train,0,0,0,0
images/train/frame_6520.jpg,labels/train/frame_6520.txt,6520,14,train,0,1,0,0
images/train/frame_6530.jpg,labels/train/frame_6530.txt,6530,14,train,0,2,0,0
images/train/frame_6540.jpg,labels/train/frame_6540.txt,6540,14,train,0,2,0,0
images/train/frame_6550.jpg,labels/train/frame_6550.txt,6550,14,train,0,2,0,0
images/train/frame_6560.jpg,labels/train/frame_6560.txt,6560,14,train,0,2,0,0
images/train/frame_6570.jpg,labels/train/frame_6570.txt,6570,14,train,0,2,0,0
images/val/frame_6590.jpg,labels/val/frame_6590.txt,6590,15,val,0,1,0,0
images/val/frame_6600.jpg,labels/val/frame_6600.txt,6600,15,val,0,1,0,0
images/val/frame_6610.jpg,labels/val/frame_6610.txt,6610,15,val,0,1,0,0
images/val/frame_6620.jpg,labels/val/frame_6620.txt,6620,15,val,0,1,0,0
images/val/frame_6630.jpg,labels/val/frame_6630.txt,6630,15,val,0,1,0,0
images/val/frame_6640.jpg,labels/val/frame_6640.txt,6640,15,val,0,1,0,0
images/val/frame_6650.jpg,labels/val/frame_6650.txt,6650,15,val,0,0,0,0
images/val/frame_6660.jpg,labels/val/frame_6660.txt,6660,15,val,0,0,0,0
images/val/frame_6670.jpg,labels/val/frame_6670.txt,6670,15,val,0,0,0,0
images/val/frame_6680.jpg,labels/val/frame_6680.txt,6680,15,val,0,0,0,0
images/val/frame_6690.jpg,labels/val/frame_6690.txt,6690,15,val,1,0,0,0
images/val/frame_6700.jpg,labels/val/frame_6700.txt,6700,15,val,1,0,0,0
images/val/frame_6710.jpg,labels/val/frame_6710.txt,6710,15,val,1,0,0,0
images/val/frame_6720.jpg,labels/val/frame_6720.txt,6720,15,val,0,0,0,0
images/val/frame_6730.jpg,labels/val/frame_6730.txt,6730,15,val,0,1,0,0
images/val/frame_6740.jpg,labels/val/frame_6740.txt,6740,15,val,0,1,0,0
images/val/frame_6750.jpg,labels/val/frame_6750.txt,6750,15,val,0,2,0,0
images/val/frame_6760.jpg,labels/val/frame_6760.txt,6760,15,val,0,1,0,0
images/val/frame_6770.jpg,labels/val/frame_6770.txt,6770,15,val,0,1,0,0
images/val/frame_6780.jpg,labels/val/frame_6780.txt,6780,15,val,0,1,0,0
images/val/frame_6790.jpg,labels/val/frame_6790.txt,6790,15,val,0,0,0,0
images/val/frame_6800.jpg,labels/val/frame_6800.txt,6800,15,val,0,0,0,0
images/val/frame_6810.jpg,labels/val/frame_6810.txt,6810,15,val,0,0,0,0
images/val/frame_6820.jpg,labels/val/frame_6820.txt,6820,15,val,0,0,0,0
images/val/frame_6830.jpg,labels/val/frame_6830.txt,6830,15,val,0,0,0,0
images/val/frame_6840.jpg,labels/val/frame_6840.txt,6840,15,val,0,0,0,0
images/val/frame_6850.jpg,labels/val/frame_6850.txt,6850,15,val,0,0,0,0
images/val/frame_6860.jpg,labels/val/frame_6860.txt,6860,15,val,0,0,0,0
images/val/frame_6870.jpg,labels/val/frame_6870.txt,6870,15,val,1,0,0,0
images/val/frame_6880.jpg,labels/val/frame_6880.txt,6880,15,val,1,0,0,0
images/val/frame_6890.jpg,labels/val/frame_6890.txt,6890,15,val,1,0,0,0
images/val/frame_6900.jpg,labels/val/frame_6900.txt,6900,15,val,0,0,0,0
images/val/frame_6910.jpg,labels/val/frame_6910.txt,6910,15,val,0,0,0,0
images/val/frame_6920.jpg,labels/val/frame_6920.txt,6920,15,val,0,0,0,0
images/val/frame_6930.jpg,labels/val/frame_6930.txt,6930,15,val,0,0,0,0
images/val/frame_6940.jpg,labels/val/frame_6940.txt,6940,15,val,0,0,0,0
images/val/frame_6950.jpg,labels/val/frame_6950.txt,6950,15,val,0,0,0,0
images/val/frame_6960.jpg,labels/val/frame_6960.txt,6960,15,val,0,0,0,0
images/val/frame_6970.jpg,labels/val/frame_6970.txt,6970,15,val,0,0,1,0
images/val/frame_6980.jpg,labels/val/frame_6980.txt,6980,15,val,0,0,1,0
images/val/frame_6990.jpg,labels/val/frame_6990.txt,6990,15,val,0,0,1,0
images/val/frame_7000.jpg,labels/val/frame_7000.txt,7000,15,val,0,0,1,0
images/val/frame_7010.jpg,labels/val/frame_7010.txt,7010,15,val,0,1,1,0
images/val/frame_7020.jpg,labels/val/frame_7020.txt,7020,15,val,0,2,1,0
images/val/frame_7030.jpg,labels/val/frame_7030.txt,7030,15,val,0,2,0,0
images/val/frame_7040.jpg,labels/val/frame_7040.txt,7040,15,val,0,1,0,0
images/val/frame_7050.jpg,labels/val/frame_7050.txt,7050,15,val,0,2,0,0
images/val/frame_7060.jpg,labels/val/frame_7060.txt,7060,15,val,0,2,1,0
images/val/frame_7070.jpg,labels/val/frame_7070.txt,7070,15,val,0,2,0,0
images/val/frame_7080.jpg,labels/val/frame_7080.txt,7080,15,val,0,2,0,0
images/val/frame_7090.jpg,labels/val/frame_7090.txt,7090,15,val,0,1,0,0
images/val/frame_7100.jpg,labels/val/frame_7100.txt,7100,15,val,0,2,0,0
images/val/frame_7110.jpg,labels/val/frame_7110.txt,7110,15,val,0,2,0,0
images/val/frame_7120.jpg,labels/val/frame_7120.txt,7120,15,val,0,2,0,0
images/val/frame_7130.jpg,labels/val/frame_7130.txt,7130,15,val,0,2,0,0
images/val/frame_7140.jpg,labels/val/frame_7140.txt,7140,15,val,0,2,0,0
images/val/frame_7150.jpg,labels/val/frame_7150.txt,7150,15,val,0,2,0,0
images/val/frame_7160.jpg,labels/val/frame_7160.txt,7160,15,val,0,2,0,0
images/val/frame_7170.jpg,labels/val/frame_7170.txt,7170,15,val,0,2,0,0
images/val/frame_7180.jpg,labels/val/frame_7180.txt,7180,15,val,0,2,0,0
images/val/frame_7190.jpg,labels/val/frame_7190.txt,7190,15,val,0,1,0,0
images/val/frame_7200.jpg,labels/val/frame_7200.txt,7200,15,val,0,0,0,0
images/val/frame_7210.jpg,labels/val/frame_7210.txt,7210,15,val,0,3,0,0
images/val/frame_7220.jpg,labels/val/frame_7220.txt,7220,15,val,0,2,0,0
images/val/frame_7230.jpg,labels/val/frame_7230.txt,7230,15,val,0,2,0,0
images/val/frame_7240.jpg,labels/val/frame_7240.txt,7240,15,val,0,2,0,0
images/val/frame_7250.jpg,labels/val/frame_7250.txt,7250,15,val,0,2,0,0
images/val/frame_7260.jpg,labels/val/frame_7260.txt,7260,15,val,0,2,0,0
images/val/frame_7270.jpg,labels/val/frame_7270.txt,7270,15,val,0,2,0,0
images/val/frame_7280.jpg,labels/val/frame_7280.txt,7280,15,val,0,2,0,0
images/val/frame_7290.jpg,labels/val/frame_7290.txt,7290,15,val,0,2,0,0
images/val/frame_7300.jpg,labels/val/frame_7300.txt,7300,15,val,0,2,0,0
images/val/frame_7310.jpg,labels/val/frame_7310.txt,7310,15,val,0,2,0,0
images/val/frame_7320.jpg,labels/val/frame_7320.txt,7320,15,val,0,2,0,0
images/val/frame_7330.jpg,labels/val/frame_7330.txt,7330,15,val,0,2,0,0
images/val/frame_7340.jpg,labels/val/frame_7340.txt,7340,15,val,0,2,0,0
images/val/frame_7350.jpg,labels/val/frame_7350.txt,7350,15,val,0,2,0,0
images/val/frame_7360.jpg,labels/val/frame_7360.txt,7360,15,val,0,2,0,0
images/val/frame_7370.jpg,labels/val/frame_7370.txt,7370,15,val,0,2,0,0
images/val/frame_7380.jpg,labels/val/frame_7380.txt,7380,15,val,0,2,0,0
images/val/frame_7390.jpg,labels/val/frame_7390.txt,7390,15,val,0,2,0,0
images/val/frame_7400.jpg,labels/val/frame_7400.txt,7400,15,val,0,1,0,0
images/val/frame_7410.jpg,labels/val/frame_7410.txt,7410,15,val,0,1,0,0
images/val/frame_7420.jpg,labels/val/frame_7420.txt,7420,15,val,0,1,0,0
images/val/frame_7430.jpg,labels/val/frame_7430.txt,7430,15,val,0,1,0,0
images/val/frame_7440.jpg,labels/val/frame_7440.txt,7440,15,val,0,1,0,0
images/val/frame_7450.jpg,labels/val/frame_7450.txt,7450,15,val,0,2,0,0
images/val/frame_7460.jpg,labels/val/frame_7460.txt,7460,15,val,0,2,0,0
images/val/frame_7470.jpg,labels/val/frame_7470.txt,7470,15,val,0,1,0,0
images/val/frame_7480.jpg,labels/val/frame_7480.txt,7480,15,val,0,2,0,0
images/val/frame_7490.jpg,labels/val/frame_7490.txt,7490,15,val,0,2,0,0
images/val/frame_7500.jpg,labels/val/frame_7500.txt,7500,15,val,0,2,0,0
images/val/frame_7510.jpg,labels/val/frame_7510.txt,7510,15,val,0,2,0,0
images/val/frame_7520.jpg,labels/val/frame_7520.txt,7520,15,val,0,1,0,0
images/val/frame_7530.jpg,labels/val/frame_7530.txt,7530,15,val,0,1,0,0
images/val/frame_7540.jpg,labels/val/frame_7540.txt,7540,15,val,0,2,0,0
images/val/frame_7550.jpg,labels/val/frame_7550.txt,7550,15,val,0,2,0,0
images/val/frame_7560.jpg,labels/val/frame_7560.txt,7560,15,val,0,3,0,0
images/val/frame_7570.jpg,labels/val/frame_7570.txt,7570,15,val,0,2,0,0
images/val/frame_7580.jpg,labels/val/frame_7580.txt,7580,15,val,0,2,0,0
images/val/frame_7590.jpg,labels/val/frame_7590.txt,7590,15,val,0,1,0,0
images/val/frame_7600.jpg,labels/val/frame_7600.txt,7600,15,val,0,1,0,0
images/val/frame_7610.jpg,labels/val/frame_7610.txt,7610,15,val,0,2,0,0
images/val/frame_7620.jpg,labels/val/frame_7620.txt,7620,15,val,0,1,0,0
images/val/frame_7630.jpg,labels/val/frame_7630.txt,7630,15,val,0,1,0,0
images/train/frame_7650.jpg,labels/train/frame_7650.txt,7650,16,train,0,1,0,0
images/train/frame_7660.jpg,labels/train/frame_7660.txt,7660,16,train,0,1,0,0
images/train/frame_7670.jpg,labels/train/frame_7670.txt,7670,16,train,0,1,0,0
images/train/frame_7680.jpg,labels/train/frame_7680.txt,7680,16,train,0,0,0,0
images/train/frame_7690.jpg,labels/train/frame_7690.txt,7690,16,train,0,0,0,0
images/train/frame_7700.jpg,labels/train/frame_7700.txt,7700,16,train,0,0,0,0
images/train/frame_7710.jpg,labels/train/frame_7710.txt,7710,16,train,0,0,0,0
images/train/frame_7720.jpg,labels/train/frame_7720.txt,7720,16,train,0,0,0,0
images/train/frame_7730.jpg,labels/train/frame_7730.txt,7730,16,train,0,0,0,0
images/train/frame_7740.jpg,labels/train/frame_7740.txt,7740,16,train,0,0,0,0
images/train/frame_7750.jpg,labels/train/frame_7750.txt,7750,16,train,0,0,0,0
images/train/frame_7760.jpg,labels/train/frame_7760.txt,7760,16,train,0,0,0,0
images/train/frame_7770.jpg,labels/train/frame_7770.txt,7770,16,train,0,0,0,0
images/train/frame_7780.jpg,labels/train/frame_7780.txt,7780,16,train,0,0,0,0
images/train/frame_7790.jpg,labels/train/frame_7790.txt,7790,16,train,0,0,0,0
images/train/frame_7800.jpg,labels/train/frame_7800.txt,7800,16,train,0,0,0,0
images/train/frame_7810.jpg,labels/train/frame_7810.txt,7810,16,train,0,0,0,0
images/train/frame_7820.jpg,labels/train/frame_7820.txt,7820,16,train,0,0,0,0
images/train/frame_7830.jpg,labels/train/frame_7830.txt,7830,16,train,0,0,0,0
images/train/frame_7840.jpg,labels/train/frame_7840.txt,7840,16,train,0,0,0,0
images/train/frame_7850.jpg,labels/train/frame_7850.txt,7850,16,train,0,0,0,0
images/train/frame_7860.jpg,labels/train/frame_7860.txt,7860,16,train,0,0,0,0
images/train/frame_7870.jpg,labels/train/frame_7870.txt,7870,16,train,0,0,0,0
images/train/frame_7880.jpg,labels/train/frame_7880.txt,7880,16,train,0,0,0,0
images/train/frame_7890.jpg,labels/train/frame_7890.txt,7890,16,train,0,3,0,0
images/train/frame_7900.jpg,labels/train/frame_7900.txt,7900,16,train,0,0,0,0
images/train/frame_7910.jpg,labels/train/frame_7910.txt,7910,16,train,0,0,0,0
images/train/frame_7920.jpg,labels/train/frame_7920.txt,7920,16,train,0,0,0,0
images/train/frame_7930.jpg,labels/train/frame_7930.txt,7930,16,train,0,0,0,0
images/train/frame_7940.jpg,labels/train/frame_7940.txt,7940,16,train,0,1,0,0
images/train/frame_7950.jpg,labels/train/frame_7950.txt,7950,16,train,0,1,2,0
images/train/frame_7960.jpg,labels/train/frame_7960.txt,7960,16,train,0,1,2,0
images/train/frame_7970.jpg,labels/train/frame_7970.txt,7970,16,train,1,1,0,0
images/train/frame_7980.jpg,labels/train/frame_7980.txt,7980,16,train,1,0,0,0
images/train/frame_7990.jpg,labels/train/frame_7990.txt,7990,16,train,0,0,0,0
images/train/frame_8000.jpg,labels/train/frame_8000.txt,8000,16,train,0,0,0,0
images/train/frame_8010.jpg,labels/train/frame_8010.txt,8010,16,train,0,0,0,0
images/train/frame_8020.jpg,labels/train/frame_8020.txt,8020,16,train,0,0,0,0
images/train/frame_8030.jpg,labels/train/frame_8030.txt,8030,16,train,0,0,0,0
images/train/frame_8040.jpg,labels/train/frame_8040.txt,8040,16,train,0,0,0,0
images/train/frame_8050.jpg,labels/train/frame_8050.txt,8050,16,train,0,0,0,0
images/train/frame_8060.jpg,labels/train/frame_8060.txt,8060,16,train,0,0,0,0
images/train/frame_8070.jpg,labels/train/frame_8070.txt,8070,16,train,0,0,0,0
images/train/frame_8080.jpg,labels/train/frame_8080.txt,8080,16,train,0,0,0,0
images/train/frame_8090.jpg,labels/train/frame_8090.txt,8090,16,train,0,0,0,0
images/train/frame_8100.jpg,labels/train/frame_8100.txt,8100,16,train,0,0,0,0
images/train/frame_8110.jpg,labels/train/frame_8110.txt,8110,16,train,0,0,0,0
images/train/frame_8120.jpg,labels/train/frame_8120.txt,8120,16,train,0,0,0,0
images/train/frame_8130.jpg,labels/train/frame_8130.txt,8130,16,train,0,1,0,0
images/train/frame_8140.jpg,labels/train/frame_8140.txt,8140,16,train,0,3,0,0
images/train/frame_8150.jpg,labels/train/frame_8150.txt,8150,16,train,0,3,0,0
images/train/frame_8160.jpg,labels/train/frame_8160.txt,8160,16,train,0,2,0,0
images/train/frame_8170.jpg,labels/train/frame_8170.txt,8170,16,train,0,1,0,0
images/train/frame_8180.jpg,labels/train/frame_8180.txt,8180,16,train,0,0,0,0
images/train/frame_8190.jpg,labels/train/frame_8190.txt,8190,16,train,0,0,0,0
images/train/frame_8200.jpg,labels/train/frame_8200.txt,8200,16,train,0,0,0,0
images/test/frame_8230.jpg,labels/test/frame_8230.txt,8230,17,test,0,0,0,0
images/test/frame_8240.jpg,labels/test/frame_8240.txt,8240,17,test,0,0,0,0
images/test/frame_8250.jpg,labels/test/frame_8250.txt,8250,17,test,0,0,0,0
images/test/frame_8260.jpg,labels/test/frame_8260.txt,8260,17,test,0,0,0,0
images/test/frame_8270.jpg,labels/test/frame_8270.txt,8270,17,test,0,0,0,0
images/test/frame_8280.jpg,labels/test/frame_8280.txt,8280,17,test,0,0,0,0
images/test/frame_8300.jpg,labels/test/frame_8300.txt,8300,18,test,0,0,0,0
images/test/frame_8310.jpg,labels/test/frame_8310.txt,8310,18,test,0,0,0,0
images/test/frame_8320.jpg,labels/test/frame_8320.txt,8320,18,test,0,0,0,0
images/test/frame_8330.jpg,labels/test/frame_8330.txt,8330,18,test,0,0,0,0
images/test/frame_8340.jpg,labels/test/frame_8340.txt,8340,18,test,0,0,0,0
images/test/frame_8350.jpg,labels/test/frame_8350.txt,8350,18,test,0,1,0,0
images/test/frame_8360.jpg,labels/test/frame_8360.txt,8360,18,test,0,1,0,0
images/test/frame_8370.jpg,labels/test/frame_8370.txt,8370,18,test,0,1,0,0
images/test/frame_8380.jpg,labels/test/frame_8380.txt,8380,18,test,0,1,0,0
images/test/frame_8390.jpg,labels/test/frame_8390.txt,8390,18,test,0,1,0,0
images/test/frame_8400.jpg,labels/test/frame_8400.txt,8400,18,test,0,1,0,0
images/test/frame_8410.jpg,labels/test/frame_8410.txt,8410,18,test,0,1,0,0
images/test/frame_8420.jpg,labels/test/frame_8420.txt,8420,18,test,0,1,0,0
images/test/frame_8430.jpg,labels/test/frame_8430.txt,8430,18,test,0,0,0,0
images/test/frame_8440.jpg,labels/test/frame_8440.txt,8440,18,test,0,0,0,0
images/test/frame_8450.jpg,labels/test/frame_8450.txt,8450,18,test,0,0,0,0
images/test/frame_8460.jpg,labels/test/frame_8460.txt,8460,18,test,0,0,0,0
images/test/frame_8470.jpg,labels/test/frame_8470.txt,8470,18,test,0,1,0,0
images/test/frame_8480.jpg,labels/test/frame_8480.txt,8480,18,test,0,1,0,0
images/test/frame_8490.jpg,labels/test/frame_8490.txt,8490,18,test,0,1,0,0
images/test/frame_8500.jpg,labels/test/frame_8500.txt,8500,18,test,0,1,0,0
images/train/frame_8520.jpg,labels/train/frame_8520.txt,8520,19,train,0,1,0,0
images/train/frame_8530.jpg,labels/train/frame_8530.txt,8530,19,train,0,1,0,0
images/train/frame_8540.jpg,labels/train/frame_8540.txt,8540,19,train,0,1,0,0
images/train/frame_8550.jpg,labels/train/frame_8550.txt,8550,19,train,0,1,0,0
images/train/frame_8560.jpg,labels/train/frame_8560.txt,8560,19,train,0,1,0,0
images/train/frame_8570.jpg,labels/train/frame_8570.txt,8570,19,train,0,1,0,0
images/train/frame_8580.jpg,labels/train/frame_8580.txt,8580,19,train,0,1,0,0
images/train/frame_8590.jpg,labels/train/frame_8590.txt,8590,19,train,0,1,0,0
images/train/frame_8600.jpg,labels/train/frame_8600.txt,8600,19,train,0,1,0,0
images/train/frame_8610.jpg,labels/train/frame_8610.txt,8610,19,train,0,1,0,0
images/train/frame_8620.jpg,labels/train/frame_8620.txt,8620,19,train,0,0,0,0
images/train/frame_8630.jpg,labels/train/frame_8630.txt,8630,19,train,0,1,0,0
images/train/frame_8640.jpg,labels/train/frame_8640.txt,8640,19,train,0,1,0,0
images/train/frame_8650.jpg,labels/train/frame_8650.txt,8650,19,train,0,1,0,0
images/train/frame_8660.jpg,labels/train/frame_8660.txt,8660,19,train,0,1,0,0
images/train/frame_8670.jpg,labels/train/frame_8670.txt,8670,19,train,0,1,0,0
images/train/frame_8680.jpg,labels/train/frame_8680.txt,8680,19,train,0,1,0,0
images/train/frame_8690.jpg,labels/train/frame_8690.txt,8690,19,train,0,1,0,0
images/train/frame_8700.jpg,labels/train/frame_8700.txt,8700,19,train,0,1,1,0
images/train/frame_8710.jpg,labels/train/frame_8710.txt,8710,19,train,1,1,1,0
images/train/frame_8720.jpg,labels/train/frame_8720.txt,8720,19,train,1,1,0,0
images/train/frame_8730.jpg,labels/train/frame_8730.txt,8730,19,train,0,0,2,0
images/train/frame_8740.jpg,labels/train/frame_8740.txt,8740,19,train,1,1,0,0
images/train/frame_8750.jpg,labels/train/frame_8750.txt,8750,19,train,1,1,0,0
images/train/frame_8760.jpg,labels/train/frame_8760.txt,8760,19,train,0,1,0,0
images/train/frame_8770.jpg,labels/train/frame_8770.txt,8770,19,train,0,1,0,0
images/train/frame_8780.jpg,labels/train/frame_8780.txt,8780,19,train,0,1,0,0
images/train/frame_8790.jpg,labels/train/frame_8790.txt,8790,19,train,0,2,0,0
images/train/frame_8800.jpg,labels/train/frame_8800.txt,8800,19,train,0,2,0,0
images/train/frame_8810.jpg,labels/train/frame_8810.txt,8810,19,train,0,2,0,0
images/train/frame_8820.jpg,labels/train/frame_8820.txt,8820,19,train,0,2,0,0
images/train/frame_8830.jpg,labels/train/frame_8830.txt,8830,19,train,0,1,0,0
images/train/frame_8840.jpg,labels/train/frame_8840.txt,8840,19,train,0,1,0,0
images/train/frame_8850.jpg,labels/train/frame_8850.txt,8850,19,train,0,1,0,0
images/train/frame_8860.jpg,labels/train/frame_8860.txt,8860,19,train,0,1,0,0
images/train/frame_8870.jpg,labels/train/frame_8870.txt,8870,19,train,0,0,0,0
images/train/frame_8880.jpg,labels/train/frame_8880.txt,8880,19,train,0,0,0,0
images/train/frame_8890.jpg,labels/train/frame_8890.txt,8890,19,train,0,0,0,0
images/train/frame_8900.jpg,labels/train/frame_8900.txt,8900,19,train,0,0,0,0
images/train/frame_8910.jpg,labels/train/frame_8910.txt,8910,19,train,0,0,0,0
images/train/frame_8920.jpg,labels/train/frame_8920.txt,8920,19,train,0,0,0,0
images/train/frame_8930.jpg,labels/train/frame_8930.txt,8930,19,train,0,0,0,0
images/train/frame_8940.jpg,labels/train/frame_8940.txt,8940,19,train,0,0,0,0
images/train/frame_8950.jpg,labels/train/frame_8950.txt,8950,19,train,0,1,0,0
images/train/frame_8960.jpg,labels/train/frame_8960.txt,8960,19,train,0,1,0,0
images/train/frame_8970.jpg,labels/train/frame_8970.txt,8970,19,train,0,1,0,0
images/train/frame_8980.jpg,labels/train/frame_8980.txt,8980,19,train,0,0,0,0
images/train/frame_8990.jpg,labels/train/frame_8990.txt,8990,19,train,0,0,0,0
images/train/frame_9000.jpg,labels/train/frame_9000.txt,9000,19,train,0,0,0,0
images/train/frame_9010.jpg,labels/train/frame_9010.txt,9010,19,train,0,0,0,0
images/train/frame_9020.jpg,labels/train/frame_9020.txt,9020,19,train,0,0,0,0
images/train/frame_9030.jpg,labels/train/frame_9030.txt,9030,19,train,0,0,0,0
images/train/frame_9040.jpg,labels/train/frame_9040.txt,9040,19,train,0,0,0,0
images/train/frame_9050.jpg,labels/train/frame_9050.txt,9050,19,train,0,0,0,0
images/train/frame_9060.jpg,labels/train/frame_9060.txt,9060,19,train,0,0,0,0
images/train/frame_9070.jpg,labels/train/frame_9070.txt,9070,19,train,0,0,0,0
images/train/frame_9080.jpg,labels/train/frame_9080.txt,9080,19,train,0,0,0,0
images/train/frame_9090.jpg,labels/train/frame_9090.txt,9090,19,train,0,0,0,0
images/train/frame_9100.jpg,labels/train/frame_9100.txt,9100,19,train,0,0,0,0
images/train/frame_9110.jpg,labels/train/frame_9110.txt,9110,19,train,0,0,0,0
images/train/frame_9120.jpg,labels/train/frame_9120.txt,9120,19,train,0,0,0,0
images/train/frame_9130.jpg,labels/train/frame_9130.txt,9130,19,train,0,2,0,0
images/train/frame_9140.jpg,labels/train/frame_9140.txt,9140,19,train,0,2,0,0
images/train/frame_9150.jpg,labels/train/frame_9150.txt,9150,19,train,0,2,0,0
images/train/frame_9160.jpg,labels/train/frame_9160.txt,9160,19,train,0,2,0,0
images/train/frame_9170.jpg,labels/train/frame_9170.txt,9170,19,train,0,2,0,0
images/train/frame_9180.jpg,labels/train/frame_9180.txt,9180,19,train,0,0,0,0
images/train/frame_9190.jpg,labels/train/frame_9190.txt,9190,19,train,0,0,0,0
images/train/frame_9200.jpg,labels/train/frame_9200.txt,9200,19,train,0,0,0,0
images/train/frame_9210.jpg,labels/train/frame_9210.txt,9210,19,train,0,0,0,0
images/train/frame_9220.jpg,labels/train/frame_9220.txt,9220,19,train,0,0,0,0
images/train/frame_9230.jpg,labels/train/frame_9230.txt,9230,19,train,0,0,0,0
images/train/frame_9240.jpg,labels/train/frame_9240.txt,9240,19,train,0,0,0,0
images/train/frame_9250.jpg,labels/train/frame_9250.txt,9250,19,train,0,0,0,0
images/train/frame_9260.jpg,labels/train/frame_9260.txt,9260,19,train,0,0,0,0
images/train/frame_9270.jpg,labels/train/frame_9270.txt,9270,19,train,0,0,0,0
images/train/frame_9280.jpg,labels/train/frame_9280.txt,9280,19,train,0,0,0,0
images/train/frame_9290.jpg,labels/train/frame_9290.txt,9290,19,train,0,0,0,0
images/train/frame_9300.jpg,labels/train/frame_9300.txt,9300,19,train,0,0,0,0
images/train/frame_9310.jpg,labels/train/frame_9310.txt,9310,19,train,0,0,0,0
images/train/frame_9320.jpg,labels/train/frame_9320.txt,9320,19,train,0,0,0,0
images/train/frame_9330.jpg,labels/train/frame_9330.txt,9330,19,train,0,0,0,0
images/train/frame_9340.jpg,labels/train/frame_9340.txt,9340,19,train,0,0,0,0
images/train/frame_9350.jpg,labels/train/frame_9350.txt,9350,19,train,0,0,0,0
images/train/frame_9360.jpg,labels/train/frame_9360.txt,9360,19,train,0,0,0,0
images/train/frame_9370.jpg,labels/train/frame_9370.txt,9370,19,train,0,0,0,0
images/train/frame_9380.jpg,labels/train/frame_9380.txt,9380,19,train,0,0,0,0
images/train/frame_9390.jpg,labels/train/frame_9390.txt,9390,19,train,0,0,0,0
images/train/frame_9400.jpg,labels/train/frame_9400.txt,9400,19,train,0,0,0,0
images/train/frame_9410.jpg,labels/train/frame_9410.txt,9410,19,train,0,0,0,0
images/train/frame_9420.jpg,labels/train/frame_9420.txt,9420,19,train,0,0,0,0
images/train/frame_9430.jpg,labels/train/frame_9430.txt,9430,19,train,0,0,0,0
images/train/frame_9440.jpg,labels/train/frame_9440.txt,9440,19,train,0,0,0,0
images/train/frame_9450.jpg,labels/train/frame_9450.txt,9450,19,train,0,0,0,0
images/train/frame_9460.jpg,labels/train/frame_9460.txt,9460,19,train,0,0,0,0
images/train/frame_9470.jpg,labels/train/frame_9470.txt,9470,19,train,0,0,0,0
images/train/frame_9480.jpg,labels/train/frame_9480.txt,9480,19,train,0,0,0,0
images/train/frame_9490.jpg,labels/train/frame_9490.txt,9490,19,train,0,0,0,0
images/train/frame_9500.jpg,labels/train/frame_9500.txt,9500,19,train,0,1,0,0
images/train/frame_9510.jpg,labels/train/frame_9510.txt,9510,19,train,0,1,0,0
images/train/frame_9520.jpg,labels/train/frame_9520.txt,9520,19,train,0,1,0,0
images/train/frame_9530.jpg,labels/train/frame_9530.txt,9530,19,train,0,1,0,0
images/train/frame_9540.jpg,labels/train/frame_9540.txt,9540,19,train,0,1,0,0
images/train/frame_9550.jpg,labels/train/frame_9550.txt,9550,19,train,0,1,0,0
images/train/frame_9560.jpg,labels/train/frame_9560.txt,9560,19,train,0,1,0,0
images/train/frame_9570.jpg,labels/train/frame_9570.txt,9570,19,train,0,0,0,0
images/train/frame_9580.jpg,labels/train/frame_9580.txt,9580,19,train,0,0,0,0
images/train/frame_9590.jpg,labels/train/frame_9590.txt,9590,19,train,0,0,0,0
images/train/frame_9600.jpg,labels/train/frame_9600.txt,9600,19,train,0,0,0,0
images/train/frame_9610.jpg,labels/train/frame_9610.txt,9610,19,train,0,0,0,0
images/train/frame_9620.jpg,labels/train/frame_9620.txt,9620,19,train,0,0,0,0
images/train/frame_9630.jpg,labels/train/frame_9630.txt,9630,19,train,0,0,0,0
images/train/frame_9640.jpg,labels/train/frame_9640.txt,9640,19,train,0,0,0,0
images/train/frame_9650.jpg,labels/train/frame_9650.txt,9650,19,train,0,0,0,0
images/train/frame_9660.jpg,labels/train/frame_9660.txt,9660,19,train,0,0,0,0
images/train/frame_9670.jpg,labels/train/frame_9670.txt,9670,19,train,0,0,0,0
images/train/frame_9680.jpg,labels/train/frame_9680.txt,9680,19,train,0,0,0,0
images/train/frame_9690.jpg,labels/train/frame_9690.txt,9690,19,train,0,0,0,0
images/test/frame_9720.jpg,labels/test/frame_9720.txt,9720,20,test,0,0,0,0
images/test/frame_9730.jpg,labels/test/frame_9730.txt,9730,20,test,0,0,0,0
images/test/frame_9740.jpg,labels/test/frame_9740.txt,9740,20,test,0,0,0,0
images/test/frame_9750.jpg,labels/test/frame_9750.txt,9750,20,test,0,0,0,0
images/test/frame_9760.jpg,labels/test/frame_9760.txt,9760,20,test,0,0,0,0
images/train/frame_9790.jpg,labels/train/frame_9790.txt,9790,21,train,0,0,0,0
images/train/frame_9800.jpg,labels/train/frame_9800.txt,9800,21,train,0,0,0,0
images/train/frame_9810.jpg,labels/train/frame_9810.txt,9810,21,train,0,0,0,0
images/train/frame_9820.jpg,labels/train/frame_9820.txt,9820,21,train,0,0,0,0
images/train/frame_9830.jpg,labels/train/frame_9830.txt,9830,21,train,0,0,1,0
images/train/frame_9840.jpg,labels/train/frame_9840.txt,9840,21,train,0,0,1,0
images/train/frame_9850.jpg,labels/train/frame_9850.txt,9850,21,train,0,0,1,0
images/train/frame_9860.jpg,labels/train/frame_9860.txt,9860,21,train,0,0,1,0
images/train/frame_9870.jpg,labels/train/frame_9870.txt,9870,21,train,0,0,0,0
images/train/frame_9880.jpg,labels/train/frame_9880.txt,9880,21,train,0,0,0,0
images/train/frame_9890.jpg,labels/train/frame_9890.txt,9890,21,train,0,0,0,0
images/train/frame_9900.jpg,labels/train/frame_9900.txt,9900,21,train,0,0,0,0
images/train/frame_9910.jpg,labels/train/frame_9910.txt,9910,21,train,0,0,0,0
images/train/frame_9920.jpg,labels/train/frame_9920.txt,9920,21,train,0,0,0,0
images/train/frame_9930.jpg,labels/train/frame_9930.txt,9930,21,train,0,0,0,0
images/train/frame_9940.jpg,labels/train/frame_9940.txt,9940,21,train,0,0,0,0
images/train/frame_9950.jpg,labels/train/frame_9950.txt,9950,21,train,0,0,0,0
images/train/frame_9960.jpg,labels/train/frame_9960.txt,9960,21,train,0,2,0,0
images/train/frame_9970.jpg,labels/train/frame_9970.txt,9970,21,train,0,2,0,0
images/train/frame_9980.jpg,labels/train/frame_9980.txt,9980,21,train,0,2,0,0
images/train/frame_9990.jpg,labels/train/frame_9990.txt,9990,21,train,0,2,0,0
images/train/frame_10000.jpg,labels/train/frame_10000.txt,10000,21,train,0,2,0,0
images/train/frame_10010.jpg,labels/train/frame_10010.txt,10010,21,train,0,2,0,0
images/train/frame_10020.jpg,labels/train/frame_10020.txt,10020,21,train,0,1,0,0
images/train/frame_10030.jpg,labels/train/frame_10030.txt,10030,21,train,0,1,0,0
images/train/frame_10040.jpg,labels/train/frame_10040.txt,10040,21,train,0,1,0,0
images/train/frame_10050.jpg,labels/train/frame_10050.txt,10050,21,train,0,0,0,0
images/train/frame_10060.jpg,labels/train/frame_10060.txt,10060,21,train,0,0,0,0
images/train/frame_10070.jpg,labels/train/frame_10070.txt,10070,21,train,0,2,0,0
images/train/frame_10080.jpg,labels/train/frame_10080.txt,10080,21,train,0,1,0,0
images/train/frame_10090.jpg,labels/train/frame_10090.txt,10090,21,train,0,1,0,0
images/train/frame_10100.jpg,labels/train/frame_10100.txt,10100,21,train,0,0,0,0
images/train/frame_10110.jpg,labels/train/frame_10110.txt,10110,21,train,0,0,0,0
images/train/frame_10120.jpg,labels/train/frame_10120.txt,10120,21,train,0,0,0,0
images/train/frame_10130.jpg,labels/train/frame_10130.txt,10130,21,train,0,0,0,0
images/train/frame_10140.jpg,labels/train/frame_10140.txt,10140,21,train,0,1,0,0
images/train/frame_10150.jpg,labels/train/frame_10150.txt,10150,21,train,0,1,0,0
images/train/frame_10160.jpg,labels/train/frame_10160.txt,10160,21,train,0,1,0,0
images/train/frame_10170.jpg,labels/train/frame_10170.txt,10170,21,train,0,1,0,0
images/train/frame_10180.jpg,labels/train/frame_10180.txt,10180,21,train,0,1,0,0
images/train/frame_10190.jpg,labels/train/frame_10190.txt,10190,21,train,0,1,0,0
images/train/frame_10200.jpg,labels/train/frame_10200.txt,10200,21,train,0,0,0,0
images/train/frame_10210.jpg,labels/train/frame_10210.txt,10210,21,train,0,0,0,0
images/train/frame_10220.jpg,labels/train/frame_10220.txt,10220,21,train,0,0,0,0
images/train/frame_10230.jpg,labels/train/frame_10230.txt,10230,21,train,0,0,0,0
images/train/frame_10240.jpg,labels/train/frame_10240.txt,10240,21,train,0,0,0,0
images/train/frame_10250.jpg,labels/train/frame_10250.txt,10250,21,train,0,0,0,0
images/train/frame_10260.jpg,labels/train/frame_10260.txt,10260,21,train,0,0,0,0
images/train/frame_10270.jpg,labels/train/frame_10270.txt,10270,21,train,0,0,0,0
images/train/frame_10280.jpg,labels/train/frame_10280.txt,10280,21,train,0,0,0,0
images/train/frame_10290.jpg,labels/train/frame_10290.txt,10290,21,train,0,0,0,0
images/train/frame_10300.jpg,labels/train/frame_10300.txt,10300,21,train,0,0,0,0
images/train/frame_10310.jpg,labels/train/frame_10310.txt,10310,21,train,0,0,0,0
images/train/frame_10320.jpg,labels/train/frame_10320.txt,10320,21,train,0,0,0,0
images/train/frame_10330.jpg,labels/train/frame_10330.txt,10330,21,train,0,0,0,0
images/train/frame_10340.jpg,labels/train/frame_10340.txt,10340,21,train,0,0,0,0
images/train/frame_10350.jpg,labels/train/frame_10350.txt,10350,21,train,0,0,0,0
images/train/frame_10360.jpg,labels/train/frame_10360.txt,10360,21,train,0,0,0,0
images/train/frame_10370.jpg,labels/train/frame_10370.txt,10370,21,train,0,0,0,0
images/train/frame_10380.jpg,labels/train/frame_10380.txt,10380,21,train,0,0,0,0
images/train/frame_10390.jpg,labels/train/frame_10390.txt,10390,21,train,0,0,0,0
images/train/frame_10400.jpg,labels/train/frame_10400.txt,10400,21,train,0,0,0,0
images/train/frame_10410.jpg,labels/train/frame_10410.txt,10410,21,train,0,0,0,0
images/train/frame_10420.jpg,labels/train/frame_10420.txt,10420,21,train,0,0,0,0
images/train/frame_10430.jpg,labels/train/frame_10430.txt,10430,21,train,0,0,0,0
images/train/frame_10440.jpg,labels/train/frame_10440.txt,10440,21,train,0,0,0,0
images/train/frame_10450.jpg,labels/train/frame_10450.txt,10450,21,train,0,0,0,0
images/test/frame_10470.jpg,labels/test/frame_10470.txt,10470,22,test,0,0,0,0
images/test/frame_10480.jpg,labels/test/frame_10480.txt,10480,22,test,0,0,0,0
images/test/frame_10490.jpg,labels/test/frame_10490.txt,10490,22,test,0,0,0,0
images/test/frame_10500.jpg,labels/test/frame_10500.txt,10500,22,test,0,0,0,0
images/test/frame_10510.jpg,labels/test/frame_10510.txt,10510,22,test,0,0,0,0
images/test/frame_10520.jpg,labels/test/frame_10520.txt,10520,22,test,1,0,0,0
images/test/frame_10550.jpg,labels/test/frame_10550.txt,10550,23,test,0,0,0,0
images/train/frame_10570.jpg,labels/train/frame_10570.txt,10570,24,train,0,0,0,0
images/train/frame_10580.jpg,labels/train/frame_10580.txt,10580,24,train,0,0,0,0
images/train/frame_10590.jpg,labels/train/frame_10590.txt,10590,24,train,0,0,0,0
images/train/frame_10600.jpg,labels/train/frame_10600.txt,10600,24,train,0,0,0,0
images/train/frame_10610.jpg,labels/train/frame_10610.txt,10610,24,train,0,0,0,0
images/train/frame_10620.jpg,labels/train/frame_10620.txt,10620,24,train,0,0,0,0
images/train/frame_10630.jpg,labels/train/frame_10630.txt,10630,24,train,0,0,0,0
images/test/frame_10650.jpg,labels/test/frame_10650.txt,10650,25,test,0,0,0,0
images/test/frame_10660.jpg,labels/test/frame_10660.txt,10660,25,test,0,0,0,0
images/test/frame_10670.jpg,labels/test/frame_10670.txt,10670,25,test,0,0,0,0
images/test/frame_10680.jpg,labels/test/frame_10680.txt,10680,25,test,0,0,0,0
images/test/frame_10690.jpg,labels/test/frame_10690.txt,10690,25,test,0,0,0,0
images/test/frame_10700.jpg,labels/test/frame_10700.txt,10700,25,test,0,0,0,0
images/test/frame_10710.jpg,labels/test/frame_10710.txt,10710,25,test,0,0,0,0
images/test/frame_10720.jpg,labels/test/frame_10720.txt,10720,25,test,0,0,0,0
images/test/frame_10730.jpg,labels/test/frame_10730.txt,10730,25,test,0,0,0,0
images/test/frame_10740.jpg,labels/test/frame_10740.txt,10740,25,test,0,0,0,0
images/test/frame_10750.jpg,labels/test/frame_10750.txt,10750,25,test,0,0,0,0
images/test/frame_10760.jpg,labels/test/frame_10760.txt,10760,25,test,0,0,0,0
images/test/frame_10770.jpg,labels/test/frame_10770.txt,10770,25,test,0,0,0,0
images/val/frame_10790.jpg,labels/val/frame_10790.txt,10790,26,val,0,0,0,0
images/val/frame_10800.jpg,labels/val/frame_10800.txt,10800,26,val,0,0,0,0
images/val/frame_10810.jpg,labels/val/frame_10810.txt,10810,26,val,0,0,0,0
images/test/frame_10830.jpg,labels/test/frame_10830.txt,10830,27,test,0,0,0,0
images/test/frame_10840.jpg,labels/test/frame_10840.txt,10840,27,test,0,0,0,0
images/test/frame_10850.jpg,labels/test/frame_10850.txt,10850,27,test,0,0,0,0
images/test/frame_10860.jpg,labels/test/frame_10860.txt,10860,27,test,0,0,0,0
images/test/frame_10870.jpg,labels/test/frame_10870.txt,10870,27,test,0,0,0,0
images/test/frame_10880.jpg,labels/test/frame_10880.txt,10880,27,test,0,0,0,0
images/test/frame_10890.jpg,labels/test/frame_10890.txt,10890,27,test,0,0,0,0
images/test/frame_10900.jpg,labels/test/frame_10900.txt,10900,27,test,0,0,0,0
images/train/frame_10920.jpg,labels/train/frame_10920.txt,10920,28,train,0,0,0,0
images/train/frame_10930.jpg,labels/train/frame_10930.txt,10930,28,train,0,0,0,0
images/train/frame_10940.jpg,labels/train/frame_10940.txt,10940,28,train,0,0,0,0
images/train/frame_11000.jpg,labels/train/frame_11000.txt,11000,29,train,0,0,0,0
images/train/frame_11010.jpg,labels/train/frame_11010.txt,11010,29,train,0,0,0,0
images/train/frame_11020.jpg,labels/train/frame_11020.txt,11020,29,train,0,0,0,0
images/train/frame_11030.jpg,labels/train/frame_11030.txt,11030,29,train,0,0,0,0
images/train/frame_11040.jpg,labels/train/frame_11040.txt,11040,29,train,0,0,0,0
images/train/frame_11050.jpg,labels/train/frame_11050.txt,11050,29,train,0,0,0,0
images/train/frame_11060.jpg,labels/train/frame_11060.txt,11060,29,train,0,0,0,0
images/train/frame_11070.jpg,labels/train/frame_11070.txt,11070,29,train,0,0,0,0
images/train/frame_11080.jpg,labels/train/frame_11080.txt,11080,29,train,0,0,0,0
images/train/frame_11090.jpg,labels/train/frame_11090.txt,11090,29,train,0,0,0,0
images/train/frame_11100.jpg,labels/train/frame_11100.txt,11100,29,train,0,0,0,0
images/train/frame_11110.jpg,labels/train/frame_11110.txt,11110,29,train,0,0,0,0
images/train/frame_11120.jpg,labels/train/frame_11120.txt,11120,29,train,0,0,0,0
images/train/frame_11130.jpg,labels/train/frame_11130.txt,11130,29,train,0,0,0,0
images/train/frame_11140.jpg,labels/train/frame_11140.txt,11140,29,train,0,0,0,0
images/train/frame_11150.jpg,labels/train/frame_11150.txt,11150,29,train,0,0,0,0
images/train/frame_11160.jpg,labels/train/frame_11160.txt,11160,29,train,0,0,0,0
images/train/frame_11170.jpg,labels/train/frame_11170.txt,11170,29,train,0,0,0,0
images/train/frame_11180.jpg,labels/train/frame_11180.txt,11180,29,train,0,0,0,0
images/train/frame_11190.jpg,labels/train/frame_11190.txt,11190,29,train,0,0,0,0
images/train/frame_11200.jpg,labels/train/frame_11200.txt,11200,29,train,0,0,0,0
images/train/frame_11210.jpg,labels/train/frame_11210.txt,11210,29,train,0,0,0,0
images/train/frame_11220.jpg,labels/train/frame_11220.txt,11220,29,train,0,0,0,0
images/train/frame_11230.jpg,labels/train/frame_11230.txt,11230,29,train,0,0,0,0
images/train/frame_11240.jpg,labels/train/frame_11240.txt,11240,29,train,0,0,0,0
images/train/frame_11250.jpg,labels/train/frame_11250.txt,11250,29,train,0,1,0,0
images/train/frame_11260.jpg,labels/train/frame_11260.txt,11260,29,train,0,1,0,0
images/train/frame_11270.jpg,labels/train/frame_11270.txt,11270,29,train,0,0,0,0
images/train/frame_11280.jpg,labels/train/frame_11280.txt,11280,29,train,0,0,0,0
images/train/frame_11290.jpg,labels/train/frame_11290.txt,11290,29,train,0,0,0,0
images/train/frame_11300.jpg,labels/train/frame_11300.txt,11300,29,train,0,0,0,0
images/val/frame_11320.jpg,labels/val/frame_11320.txt,11320,30,val,0,0,0,0
images/val/frame_11330.jpg,labels/val/frame_11330.txt,11330,30,val,0,0,0,0
images/val/frame_11470.jpg,labels/val/frame_11470.txt,11470,31,val,0,0,0,0
images/val/frame_11480.jpg,labels/val/frame_11480.txt,11480,31,val,0,0,0,0
images/val/frame_11490.jpg,labels/val/frame_11490.txt,11490,31,val,0,0,0,0
images/val/frame_11500.jpg,labels/val/frame_11500.txt,11500,31,val,0,1,0,0
images/val/frame_11510.jpg,labels/val/frame_11510.txt,11510,31,val,0,1,0,0
images/val/frame_11520.jpg,labels/val/frame_11520.txt,11520,31,val,0,1,0,0
images/val/frame_11530.jpg,labels/val/frame_11530.txt,11530,31,val,0,1,0,0
images/val/frame_11540.jpg,labels/val/frame_11540.txt,11540,31,val,0,1,0,0
images/val/frame_11550.jpg,labels/val/frame_11550.txt,11550,31,val,0,1,0,0
images/val/frame_11560.jpg,labels/val/frame_11560.txt,11560,31,val,0,1,0,0
images/val/frame_11570.jpg,labels/val/frame_11570.txt,11570,31,val,0,0,0,0
images/val/frame_11580.jpg,labels/val/frame_11580.txt,11580,31,val,0,0,0,0
images/train/frame_11630.jpg,labels/train/frame_11630.txt,11630,32,train,0,1,0,0
images/train/frame_11640.jpg,labels/train/frame_11640.txt,11640,32,train,0,1,0,0
images/train/frame_11650.jpg,labels/train/frame_11650.txt,11650,32,train,0,1,0,0
images/train/frame_11660.jpg,labels/train/frame_11660.txt,11660,32,train,0,1,0,0
images/train/frame_11670.jpg,labels/train/frame_11670.txt,11670,32,train,0,1,0,0
images/train/frame_11680.jpg,labels/train/frame_11680.txt,11680,32,train,0,0,0,0
images/train/frame_11690.jpg,labels/train/frame_11690.txt,11690,32,train,0,0,0,0
images/train/frame_11700.jpg,labels/train/frame_11700.txt,11700,32,train,0,0,0,0
images/train/frame_11710.jpg,labels/train/frame_11710.txt,11710,32,train,0,0,0,0
images/train/frame_11750.jpg,labels/train/frame_11750.txt,11750,33,train,0,0,0,0
images/train/frame_11760.jpg,labels/train/frame_11760.txt,11760,33,train,0,0,0,0
images/train/frame_11770.jpg,labels/train/frame_11770.txt,11770,33,train,0,0,0,0
images/train/frame_11790.jpg,labels/train/frame_11790.txt,11790,34,train,0,0,0,0
images/train/frame_11800.jpg,labels/train/frame_11800.txt,11800,34,train,0,0,0,0
images/train/frame_11810.jpg,labels/train/frame_11810.txt,11810,34,train,0,0,0,0
images/train/frame_11820.jpg,labels/train/frame_11820.txt,11820,34,train,0,0,0,0
images/train/frame_11830.jpg,labels/train/frame_11830.txt,11830,34,train,0,0,0,0
images/train/frame_11840.jpg,labels/train/frame_11840.txt,11840,34,train,0,0,0,0
images/train/frame_11850.jpg,labels/train/frame_11850.txt,11850,34,train,0,0,0,0
images/train/frame_11860.jpg,labels/train/frame_11860.txt,11860,34,train,0,0,0,0
images/train/frame_11870.jpg,labels/train/frame_11870.txt,11870,34,train,0,0,0,0
images/train/frame_11880.jpg,labels/train/frame_11880.txt,11880,34,train,0,0,0,0
images/train/frame_11890.jpg,labels/train/frame_11890.txt,11890,34,train,0,0,0,0
images/train/frame_11900.jpg,labels/train/frame_11900.txt,11900,34,train,0,0,0,0
images/train/frame_11910.jpg,labels/train/frame_11910.txt,11910,34,train,0,0,0,0
images/train/frame_11920.jpg,labels/train/frame_11920.txt,11920,34,train,0,0,0,0
images/train/frame_11930.jpg,labels/train/frame_11930.txt,11930,34,train,0,0,0,0
images/train/frame_11940.jpg,labels/train/frame_11940.txt,11940,34,train,0,0,0,0
images/train/frame_11950.jpg,labels/train/frame_11950.txt,11950,34,train,0,0,0,0
images/train/frame_11960.jpg,labels/train/frame_11960.txt,11960,34,train,0,0,0,0
images/train/frame_11970.jpg,labels/train/frame_11970.txt,11970,34,train,0,1,0,0
images/train/frame_11980.jpg,labels/train/frame_11980.txt,11980,34,train,0,0,0,0
images/test/frame_12010.jpg,labels/test/frame_12010.txt,12010,35,test,0,0,0,0
images/test/frame_12020.jpg,labels/test/frame_12020.txt,12020,35,test,0,0,0,0
images/val/frame_12040.jpg,labels/val/frame_12040.txt,12040,36,val,0,0,0,0
images/val/frame_12050.jpg,labels/val/frame_12050.txt,12050,36,val,0,0,0,0
images/val/frame_12060.jpg,labels/val/frame_12060.txt,12060,36,val,0,0,0,0
images/val/frame_12070.jpg,labels/val/frame_12070.txt,12070,36,val,0,0,0,0
images/val/frame_12080.jpg,labels/val/frame_12080.txt,12080,36,val,0,0,0,0
images/val/frame_12090.jpg,labels/val/frame_12090.txt,12090,36,val,0,0,0,0
images/val/frame_12100.jpg,labels/val/frame_12100.txt,12100,36,val,0,0,0,0
images/val/frame_12120.jpg,labels/val/frame_12120.txt,12120,37,val,0,0,0,0
images/val/frame_12130.jpg,labels/val/frame_12130.txt,12130,37,val,0,0,0,0
images/val/frame_12140.jpg,labels/val/frame_12140.txt,12140,37,val,0,0,0,0
images/val/frame_12150.jpg,labels/val/frame_12150.txt,12150,37,val,0,0,0,0
images/val/frame_12160.jpg,labels/val/frame_12160.txt,12160,37,val,0,0,0,0
images/val/frame_12170.jpg,labels/val/frame_12170.txt,12170,37,val,0,0,0,0
images/val/frame_12180.jpg,labels/val/frame_12180.txt,12180,37,val,0,0,0,0
images/val/frame_12190.jpg,labels/val/frame_12190.txt,12190,37,val,0,0,0,0
images/val/frame_12200.jpg,labels/val/frame_12200.txt,12200,37,val,0,0,0,0
images/train/frame_12220.jpg,labels/train/frame_12220.txt,12220,38,train,0,0,1,0
images/train/frame_12230.jpg,labels/train/frame_12230.txt,12230,38,train,0,0,1,0
images/train/frame_12240.jpg,labels/train/frame_12240.txt,12240,38,train,0,0,1,0
images/train/frame_12250.jpg,labels/train/frame_12250.txt,12250,38,train,0,0,1,0
images/train/frame_12260.jpg,labels/train/frame_12260.txt,12260,38,train,0,0,1,0
images/train/frame_12270.jpg,labels/train/frame_12270.txt,12270,38,train,0,0,1,0
images/test/frame_12370.jpg,labels/test/frame_12370.txt,12370,39,test,0,0,0,0
images/test/frame_12380.jpg,labels/test/frame_12380.txt,12380,39,test,0,0,0,0
images/test/frame_12390.jpg,labels/test/frame_12390.txt,12390,39,test,0,0,0,0
images/test/frame_12400.jpg,labels/test/frame_12400.txt,12400,39,test,0,0,0,0
images/test/frame_12410.jpg,labels/test/frame_12410.txt,12410,39,test,0,0,0,0
images/test/frame_12420.jpg,labels/test/frame_12420.txt,12420,39,test,0,0,0,0
images/test/frame_12430.jpg,labels/test/frame_12430.txt,12430,39,test,0,0,0,0
images/train/frame_12460.jpg,labels/train/frame_12460.txt,12460,40,train,0,0,0,0
images/train/frame_12470.jpg,labels/train/frame_12470.txt,12470,40,train,0,0,0,0
images/train/frame_12480.jpg,labels/train/frame_12480.txt,12480,40,train,0,0,0,0
images/train/frame_12490.jpg,labels/train/frame_12490.txt,12490,40,train,0,0,0,0
images/train/frame_12500.jpg,labels/train/frame_12500.txt,12500,40,train,0,0,0,0
images/train/frame_12510.jpg,labels/train/frame_12510.txt,12510,40,train,0,0,0,0
images/train/frame_12520.jpg,labels/train/frame_12520.txt,12520,40,train,0,1,0,0
images/train/frame_12530.jpg,labels/train/frame_12530.txt,12530,40,train,0,1,0,0
images/train/frame_12540.jpg,labels/train/frame_12540.txt,12540,40,train,0,1,0,0
images/train/frame_12550.jpg,labels/train/frame_12550.txt,12550,40,train,0,0,0,0
images/train/frame_12560.jpg,labels/train/frame_12560.txt,12560,40,train,0,0,0,0
images/train/frame_12570.jpg,labels/train/frame_12570.txt,12570,40,train,0,0,0,0
images/train/frame_12580.jpg,labels/train/frame_12580.txt,12580,40,train,0,1,0,0
images/train/frame_12590.jpg,labels/train/frame_12590.txt,12590,40,train,0,1,0,0
images/train/frame_12600.jpg,labels/train/frame_12600.txt,12600,40,train,0,1,0,0
images/train/frame_12610.jpg,labels/train/frame_12610.txt,12610,40,train,0,1,0,0
images/train/frame_12620.jpg,labels/train/frame_12620.txt,12620,40,train,0,0,0,0
images/train/frame_12630.jpg,labels/train/frame_12630.txt,12630,40,train,0,0,0,0
images/train/frame_12640.jpg,labels/train/frame_12640.txt,12640,40,train,0,0,0,0
images/train/frame_12650.jpg,labels/train/frame_12650.txt,12650,40,train,0,0,0,0
images/train/frame_12660.jpg,labels/train/frame_12660.txt,12660,40,train,0,0,0,0
images/train/frame_12670.jpg,labels/train/frame_12670.txt,12670,40,train,0,0,0,0
images/train/frame_12680.jpg,labels/train/frame_12680.txt,12680,40,train,0,0,0,0
images/train/frame_12690.jpg,labels/train/frame_12690.txt,12690,40,train,0,0,0,0
images/train/frame_12700.jpg,labels/train/frame_12700.txt,12700,40,train,0,1,0,0
images/train/frame_12710.jpg,labels/train/frame_12710.txt,12710,40,train,0,1,0,0
images/train/frame_12720.jpg,labels/train/frame_12720.txt,12720,40,train,0,1,0,0
images/train/frame_12730.jpg,labels/train/frame_12730.txt,12730,40,train,0,2,0,0
images/train/frame_12740.jpg,labels/train/frame_12740.txt,12740,40,train,0,2,0,0
images/train/frame_12750.jpg,labels/train/frame_12750.txt,12750,40,train,0,2,0,0
images/train/frame_12760.jpg,labels/train/frame_12760.txt,12760,40,train,0,2,0,0
images/train/frame_12770.jpg,labels/train/frame_12770.txt,12770,40,train,0,2,0,0
images/train/frame_12780.jpg,labels/train/frame_12780.txt,12780,40,train,0,3,0,0
images/train/frame_12790.jpg,labels/train/frame_12790.txt,12790,40,train,0,3,0,0
images/train/frame_12800.jpg,labels/train/frame_12800.txt,12800,40,train,0,2,0,0
images/train/frame_12810.jpg,labels/train/frame_12810.txt,12810,40,train,0,3,0,0
images/train/frame_12820.jpg,labels/train/frame_12820.txt,12820,40,train,0,3,0,0
images/train/frame_12830.jpg,labels/train/frame_12830.txt,12830,40,train,0,3,0,0
images/train/frame_12840.jpg,labels/train/frame_12840.txt,12840,40,train,0,2,0,0
images/train/frame_12850.jpg,labels/train/frame_12850.txt,12850,40,train,0,2,0,0
images/train/frame_12860.jpg,labels/train/frame_12860.txt,12860,40,train,0,2,0,0
images/train/frame_12870.jpg,labels/train/frame_12870.txt,12870,40,train,0,1,0,0
images/train/frame_12880.jpg,labels/train/frame_12880.txt,12880,40,train,0,0,0,0
images/train/frame_12890.jpg,labels/train/frame_12890.txt,12890,40,train,0,0,0,0
images/train/frame_12900.jpg,labels/train/frame_12900.txt,12900,40,train,0,0,0,0
images/train/frame_12910.jpg,labels/train/frame_12910.txt,12910,40,train,0,2,0,0
images/train/frame_12920.jpg,labels/train/frame_12920.txt,12920,40,train,0,3,0,0
images/train/frame_12930.jpg,labels/train/frame_12930.txt,12930,40,train,0,3,0,0
images/train/frame_12940.jpg,labels/train/frame_12940.txt,12940,40,train,0,4,0,0
images/train/frame_12950.jpg,labels/train/frame_12950.txt,12950,40,train,0,4,0,0
images/train/frame_12960.jpg,labels/train/frame_12960.txt,12960,40,train,0,4,0,0
images/train/frame_12970.jpg,labels/train/frame_12970.txt,12970,40,train,0,4,0,0
images/train/frame_12980.jpg,labels/train/frame_12980.txt,12980,40,train,0,4,0,0
images/train/frame_12990.jpg,labels/train/frame_12990.txt,12990,40,train,0,4,0,0
images/train/frame_13000.jpg,labels/train/frame_13000.txt,13000,40,train,0,3,0,0
images/train/frame_13010.jpg,labels/train/frame_13010.txt,13010,40,train,0,4,0,0
images/train/frame_13020.jpg,labels/train/frame_13020.txt,13020,40,train,0,2,0,0
images/train/frame_13030.jpg,labels/train/frame_13030.txt,13030,40,train,0,1,0,0
images/train/frame_13040.jpg,labels/train/frame_13040.txt,13040,40,train,0,0,0,0
images/train/frame_13060.jpg,labels/train/frame_13060.txt,13060,41,train,0,0,0,0
images/train/frame_13070.jpg,labels/train/frame_13070.txt,13070,41,train,0,0,0,0
images/train/frame_13080.jpg,labels/train/frame_13080.txt,13080,41,train,0,0,0,0
images/train/frame_13090.jpg,labels/train/frame_13090.txt,13090,41,train,0,0,0,0
images/train/frame_13100.jpg,labels/train/frame_13100.txt,13100,41,train,0,0,0,0
images/train/frame_13110.jpg,labels/train/frame_13110.txt,13110,41,train,0,0,0,0
images/train/frame_13120.jpg,labels/train/frame_13120.txt,13120,41,train,0,0,0,0
images/train/frame_13130.jpg,labels/train/frame_13130.txt,13130,41,train,0,0,0,0
images/train/frame_13140.jpg,labels/train/frame_13140.txt,13140,41,train,0,0,0,0
images/train/frame_13150.jpg,labels/train/frame_13150.txt,13150,41,train,0,0,0,0
images/train/frame_13160.jpg,labels/train/frame_13160.txt,13160,41,train,0,0,0,0
images/train/frame_13170.jpg,labels/train/frame_13170.txt,13170,41,train,0,0,0,0
images/train/frame_13180.jpg,labels/train/frame_13180.txt,13180,41,train,0,0,0,0
images/train/frame_13190.jpg,labels/train/frame_13190.txt,13190,41,train,0,0,0,1
images/train/frame_13200.jpg,labels/train/frame_13200.txt,13200,41,train,0,0,0,1
images/train/frame_13210.jpg,labels/train/frame_13210.txt,13210,41,train,0,0,0,1
images/train/frame_13220.jpg,labels/train/frame_13220.txt,13220,41,train,0,0,0,1
images/train/frame_13230.jpg,labels/train/frame_13230.txt,13230,41,train,0,0,0,0
images/train/frame_13240.jpg,labels/train/frame_13240.txt,13240,41,train,0,0,0,0
images/train/frame_13250.jpg,labels/train/frame_13250.txt,13250,41,train,0,0,0,0
images/train/frame_13260.jpg,labels/train/frame_13260.txt,13260,41,train,0,1,0,0
images/train/frame_13270.jpg,labels/train/frame_13270.txt,13270,41,train,0,1,0,0
images/train/frame_13280.jpg,labels/train/frame_13280.txt,13280,41,train,0,0,0,0
images/train/frame_13290.jpg,labels/train/frame_13290.txt,13290,41,train,0,0,0,0
images/train/frame_13300.jpg,labels/train/frame_13300.txt,13300,41,train,0,0,0,0
images/train/frame_13310.jpg,labels/train/frame_13310.txt,13310,41,train,0,0,0,0
images/train/frame_13320.jpg,labels/train/frame_13320.txt,13320,41,train,0,0,0,0
images/train/frame_13330.jpg,labels/train/frame_13330.txt,13330,41,train,0,0,0,0
images/train/frame_13340.jpg,labels/train/frame_13340.txt,13340,41,train,0,1,0,0
images/train/frame_13350.jpg,labels/train/frame_13350.txt,13350,41,train,0,1,0,0
images/train/frame_13360.jpg,labels/train/frame_13360.txt,13360,41,train,0,1,0,0
images/train/frame_13370.jpg,labels/train/frame_13370.txt,13370,41,train,0,0,0,0
images/train/frame_13380.jpg,labels/train/frame_13380.txt,13380,41,train,0,1,0,0
images/train/frame_13390.jpg,labels/train/frame_13390.txt,13390,41,train,0,0,0,0
images/train/frame_13400.jpg,labels/train/frame_13400.txt,13400,41,train,0,1,0,0
images/train/frame_13410.jpg,labels/train/frame_13410.txt,13410,41,train,0,1,0,0
images/train/frame_13420.jpg,labels/train/frame_13420.txt,13420,41,train,0,1,0,0
images/train/frame_13430.jpg,labels/train/frame_13430.txt,13430,41,train,0,1,0,0
images/train/frame_13440.jpg,labels/train/frame_13440.txt,13440,41,train,0,0,0,0
images/train/frame_13450.jpg,labels/train/frame_13450.txt,13450,41,train,0,0,0,0
images/train/frame_13460.jpg,labels/train/frame_13460.txt,13460,41,train,0,0,0,0
images/train/frame_13490.jpg,labels/train/frame_13490.txt,13490,42,train,0,0,0,0
images/train/frame_13520.jpg,labels/train/frame_13520.txt,13520,43,train,0,0,0,0
images/train/frame_13530.jpg,labels/train/frame_13530.txt,13530,43,train,0,0,0,0
images/train/frame_13540.jpg,labels/train/frame_13540.txt,13540,43,train,0,0,0,0
images/train/frame_13550.jpg,labels/train/frame_13550.txt,13550,43,train,0,0,0,0
images/train/frame_13560.jpg,labels/train/frame_13560.txt,13560,43,train,0,0,0,0
images/train/frame_13570.jpg,labels/train/frame_13570.txt,13570,43,train,0,0,0,0
images/train/frame_13580.jpg,labels/train/frame_13580.txt,13580,43,train,0,0,0,0
images/train/frame_13590.jpg,labels/train/frame_13590.txt,13590,43,train,0,0,0,0
images/train/frame_13610.jpg,labels/train/frame_13610.txt,13610,44,train,0,0,0,0
images/train/frame_13620.jpg,labels/train/frame_13620.txt,13620,44,train,0,1,0,0
images/train/frame_13630.jpg,labels/train/frame_13630.txt,13630,44,train,0,0,0,0
images/train/frame_13640.jpg,labels/train/frame_13640.txt,13640,44,train,0,0,0,0
images/train/frame_13650.jpg,labels/train/frame_13650.txt,13650,44,train,0,0,0,0
images/train/frame_13660.jpg,labels/train/frame_13660.txt,13660,44,train,0,0,0,0
images/train/frame_13670.jpg,labels/train/frame_13670.txt,13670,44,train,0,0,0,0
images/train/frame_13680.jpg,labels/train/frame_13680.txt,13680,44,train,0,0,0,0
images/train/frame_13690.jpg,labels/train/frame_13690.txt,13690,44,train,0,0,0,0
images/train/frame_13700.jpg,labels/train/frame_13700.txt,13700,44,train,0,0,0,0
images/train/frame_13710.jpg,labels/train/frame_13710.txt,13710,44,train,0,0,0,0
images/test/frame_13730.jpg,labels/test/frame_13730.txt,13730,45,test,0,0,0,0
images/test/frame_13750.jpg,labels/test/frame_13750.txt,13750,46,test,0,0,0,0
images/test/frame_13760.jpg,labels/test/frame_13760.txt,13760,46,test,0,0,0,0
images/test/frame_13770.jpg,labels/test/frame_13770.txt,13770,46,test,0,0,0,0
images/test/frame_13780.jpg,labels/test/frame_13780.txt,13780,46,test,0,0,0,0
images/test/frame_13790.jpg,labels/test/frame_13790.txt,13790,46,test,0,0,0,0
images/test/frame_13800.jpg,labels/test/frame_13800.txt,13800,46,test,0,0,0,0
images/test/frame_13810.jpg,labels/test/frame_13810.txt,13810,46,test,0,0,0,0
images/test/frame_13820.jpg,labels/test/frame_13820.txt,13820,46,test,0,0,0,0
images/test/frame_13830.jpg,labels/test/frame_13830.txt,13830,46,test,0,0,0,0
images/test/frame_13840.jpg,labels/test/frame_13840.txt,13840,46,test,0,0,0,0
images/test/frame_13850.jpg,labels/test/frame_13850.txt,13850,46,test,0,0,0,0
images/test/frame_13860.jpg,labels/test/frame_13860.txt,13860,46,test,0,0,0,0
images/train/frame_13920.jpg,labels/train/frame_13920.txt,13920,47,train,0,1,0,0
images/train/frame_13930.jpg,labels/train/frame_13930.txt,13930,47,train,0,1,0,0
images/train/frame_13940.jpg,labels/train/frame_13940.txt,13940,47,train,0,1,0,0
images/train/frame_13950.jpg,labels/train/frame_13950.txt,13950,47,train,0,1,0,0
images/train/frame_13960.jpg,labels/train/frame_13960.txt,13960,47,train,0,1,0,0
images/train/frame_13970.jpg,labels/train/frame_13970.txt,13970,47,train,0,1,0,0
images/train/frame_13980.jpg,labels/train/frame_13980.txt,13980,47,train,0,1,0,0
images/train/frame_13990.jpg,labels/train/frame_13990.txt,13990,47,train,0,1,0,0
images/train/frame_14000.jpg,labels/train/frame_14000.txt,14000,47,train,0,1,0,0
images/train/frame_14010.jpg,labels/train/frame_14010.txt,14010,47,train,0,0,0,0
images/train/frame_14020.jpg,labels/train/frame_14020.txt,14020,47,train,0,0,0,0
images/train/frame_14030.jpg,labels/train/frame_14030.txt,14030,47,train,0,0,0,0
images/train/frame_14040.jpg,labels/train/frame_14040.txt,14040,47,train,0,0,0,0
images/train/frame_14050.jpg,labels/train/frame_14050.txt,14050,47,train,0,0,0,0
images/train/frame_14060.jpg,labels/train/frame_14060.txt,14060,47,train,0,0,0,0
images/train/frame_14070.jpg,labels/train/frame_14070.txt,14070,47,train,0,0,0,0
images/train/frame_14080.jpg,labels/train/frame_14080.txt,14080,47,train,0,0,0,0
images/train/frame_14090.jpg,labels/train/frame_14090.txt,14090,47,train,0,0,0,0
images/train/frame_14100.jpg,labels/train/frame_14100.txt,14100,47,train,0,0,0,0
images/train/frame_14110.jpg,labels/train/frame_14110.txt,14110,47,train,0,0,0,0
images/train/frame_14120.jpg,labels/train/frame_14120.txt,14120,47,train,0,0,0,0
images/train/frame_14130.jpg,labels/train/frame_14130.txt,14130,47,train,0,0,0,0
images/train/frame_14140.jpg,labels/train/frame_14140.txt,14140,47,train,0,0,0,0
images/train/frame_14150.jpg,labels/train/frame_14150.txt,14150,47,train,0,0,0,0
images/train/frame_14160.jpg,labels/train/frame_14160.txt,14160,47,train,0,0,0,0
images/train/frame_14170.jpg,labels/train/frame_14170.txt,14170,47,train,0,0,0,0
images/train/frame_14180.jpg,labels/train/frame_14180.txt,14180,47,train,0,0,0,0
images/train/frame_14190.jpg,labels/train/frame_14190.txt,14190,47,train,0,0,0,0
images/train/frame_14200.jpg,labels/train/frame_14200.txt,14200,47,train,0,0,0,0
images/train/frame_14210.jpg,labels/train/frame_14210.txt,14210,47,train,0,0,0,0
images/train/frame_14220.jpg,labels/train/frame_14220.txt,14220,47,train,0,0,0,0
images/train/frame_14230.jpg,labels/train/frame_14230.txt,14230,47,train,0,0,0,0
images/train/frame_14240.jpg,labels/train/frame_14240.txt,14240,47,train,0,0,0,0
images/train/frame_14250.jpg,labels/train/frame_14250.txt,14250,47,train,0,0,0,0
images/train/frame_14260.jpg,labels/train/frame_14260.txt,14260,47,train,0,0,0,0
images/train/frame_14270.jpg,labels/train/frame_14270.txt,14270,47,train,0,0,0,0
images/train/frame_14280.jpg,labels/train/frame_14280.txt,14280,47,train,0,0,0,0
images/train/frame_14290.jpg,labels/train/frame_14290.txt,14290,47,train,0,0,0,0
images/train/frame_14300.jpg,labels/train/frame_14300.txt,14300,47,train,0,0,0,0
images/train/frame_14310.jpg,labels/train/frame_14310.txt,14310,47,train,0,0,0,0
images/train/frame_14330.jpg,labels/train/frame_14330.txt,14330,48,train,0,0,0,0
images/train/frame_14340.jpg,labels/train/frame_14340.txt,14340,48,train,0,0,0,0
images/train/frame_14360.jpg,labels/train/frame_14360.txt,14360,49,train,0,0,0,0
images/train/frame_14370.jpg,labels/train/frame_14370.txt,14370,49,train,0,0,0,0
images/train/frame_14380.jpg,labels/train/frame_14380.txt,14380,49,train,0,0,0,0
images/train/frame_14390.jpg,labels/train/frame_14390.txt,14390,49,train,0,0,0,0
images/train/frame_14400.jpg,labels/train/frame_14400.txt,14400,49,train,0,0,0,0
images/train/frame_14410.jpg,labels/train/frame_14410.txt,14410,49,train,0,0,0,0
images/train/frame_14420.jpg,labels/train/frame_14420.txt,14420,49,train,0,0,0,0
images/train/frame_14430.jpg,labels/train/frame_14430.txt,14430,49,train,0,0,0,0
images/train/frame_14440.jpg,labels/train/frame_14440.txt,14440,49,train,0,0,0,0
images/train/frame_14450.jpg,labels/train/frame_14450.txt,14450,49,train,0,0,0,0
images/train/frame_14460.jpg,labels/train/frame_14460.txt,14460,49,train,0,0,0,0
images/train/frame_14470.jpg,labels/train/frame_14470.txt,14470,49,train,0,0,0,0
images/test/frame_14490.jpg,labels/test/frame_14490.txt,14490,50,test,0,0,0,0
images/test/frame_14500.jpg,labels/test/frame_14500.txt,14500,50,test,0,0,0,0
images/test/frame_14510.jpg,labels/test/frame_14510.txt,14510,50,test,0,0,0,0
images/val/frame_14530.jpg,labels/val/frame_14530.txt,14530,51,val,0,0,0,0
images/val/frame_14540.jpg,labels/val/frame_14540.txt,14540,51,val,0,0,0,0
images/val/frame_14550.jpg,labels/val/frame_14550.txt,14550,51,val,0,0,0,0
images/val/frame_14560.jpg,labels/val/frame_14560.txt,14560,51,val,0,0,0,0
images/val/frame_14610.jpg,labels/val/frame_14610.txt,14610,52,val,0,0,0,0
images/val/frame_14620.jpg,labels/val/frame_14620.txt,14620,52,val,0,0,0,0
images/val/frame_14630.jpg,labels/val/frame_14630.txt,14630,52,val,0,0,0,0
images/val/frame_14640.jpg,labels/val/frame_14640.txt,14640,52,val,0,0,0,0
images/val/frame_14650.jpg,labels/val/frame_14650.txt,14650,52,val,0,0,0,0
images/train/frame_14680.jpg,labels/train/frame_14680.txt,14680,53,train,0,0,0,0
images/train/frame_14690.jpg,labels/train/frame_14690.txt,14690,53,train,0,0,0,0
images/train/frame_14700.jpg,labels/train/frame_14700.txt,14700,53,train,0,0,0,0
images/train/frame_14710.jpg,labels/train/frame_14710.txt,14710,53,train,0,0,0,0
images/train/frame_14720.jpg,labels/train/frame_14720.txt,14720,53,train,0,0,0,0
images/train/frame_14730.jpg,labels/train/frame_14730.txt,14730,53,train,0,0,0,0
images/train/frame_14740.jpg,labels/train/frame_14740.txt,14740,53,train,0,0,0,0
images/train/frame_14750.jpg,labels/train/frame_14750.txt,14750,53,train,0,0,0,0
images/train/frame_14760.jpg,labels/train/frame_14760.txt,14760,53,train,0,0,0,0
images/train/frame_14770.jpg,labels/train/frame_14770.txt,14770,53,train,0,0,0,0
images/train/frame_14780.jpg,labels/train/frame_14780.txt,14780,53,train,0,0,0,0
images/train/frame_14790.jpg,labels/train/frame_14790.txt,14790,53,train,0,0,0,0
images/train/frame_14800.jpg,labels/train/frame_14800.txt,14800,53,train,0,0,0,0
images/train/frame_14810.jpg,labels/train/frame_14810.txt,14810,53,train,0,0,0,0
images/train/frame_14820.jpg,labels/train/frame_14820.txt,14820,53,train,0,0,0,0
images/train/frame_14830.jpg,labels/train/frame_14830.txt,14830,53,train,0,0,0,0
images/train/frame_14840.jpg,labels/train/frame_14840.txt,14840,53,train,0,0,0,0
images/train/frame_14850.jpg,labels/train/frame_14850.txt,14850,53,train,0,0,0,0
images/train/frame_14860.jpg,labels/train/frame_14860.txt,14860,53,train,0,0,0,0
images/train/frame_14870.jpg,labels/train/frame_14870.txt,14870,53,train,0,0,0,0
images/train/frame_14880.jpg,labels/train/frame_14880.txt,14880,53,train,0,0,0,0
images/train/frame_14890.jpg,labels/train/frame_14890.txt,14890,53,train,0,0,0,0
images/train/frame_14900.jpg,labels/train/frame_14900.txt,14900,53,train,0,0,0,0
images/train/frame_14910.jpg,labels/train/frame_14910.txt,14910,53,train,0,0,0,0
images/train/frame_14920.jpg,labels/train/frame_14920.txt,14920,53,train,0,0,0,0
images/train/frame_14930.jpg,labels/train/frame_14930.txt,14930,53,train,0,0,0,0
images/train/frame_14940.jpg,labels/train/frame_14940.txt,14940,53,train,0,0,0,0
images/train/frame_14950.jpg,labels/train/frame_14950.txt,14950,53,train,0,0,0,0
images/train/frame_14960.jpg,labels/train/frame_14960.txt,14960,53,train,0,0,0,0
images/train/frame_14970.jpg,labels/train/frame_14970.txt,14970,53,train,0,0,0,0
images/train/frame_14980.jpg,labels/train/frame_14980.txt,14980,53,train,0,0,0,0
images/train/frame_14990.jpg,labels/train/frame_14990.txt,14990,53,train,0,0,0,0
images/train/frame_15000.jpg,labels/train/frame_15000.txt,15000,53,train,0,0,0,0
images/train/frame_15010.jpg,labels/train/frame_15010.txt,15010,53,train,0,0,0,0
images/train/frame_15020.jpg,labels/train/frame_15020.txt,15020,53,train,0,0,0,0
images/val/frame_15040.jpg,labels/val/frame_15040.txt,15040,54,val,0,0,0,0
images/val/frame_15050.jpg,labels/val/frame_15050.txt,15050,54,val,0,0,0,0
images/val/frame_15060.jpg,labels/val/frame_15060.txt,15060,54,val,0,0,0,0
images/val/frame_15070.jpg,labels/val/frame_15070.txt,15070,54,val,0,0,0,0
images/val/frame_15080.jpg,labels/val/frame_15080.txt,15080,54,val,0,0,0,0
images/val/frame_15090.jpg,labels/val/frame_15090.txt,15090,54,val,0,0,0,0
images/val/frame_15100.jpg,labels/val/frame_15100.txt,15100,54,val,0,0,0,0
images/val/frame_15110.jpg,labels/val/frame_15110.txt,15110,54,val,0,0,0,0
images/val/frame_15120.jpg,labels/val/frame_15120.txt,15120,54,val,0,0,0,0
images/val/frame_15130.jpg,labels/val/frame_15130.txt,15130,54,val,0,0,0,0
images/val/frame_15140.jpg,labels/val/frame_15140.txt,15140,54,val,0,0,0,0
images/val/frame_15150.jpg,labels/val/frame_15150.txt,15150,54,val,0,0,0,0
images/val/frame_15170.jpg,labels/val/frame_15170.txt,15170,55,val,0,0,0,0
images/test/frame_15200.jpg,labels/test/frame_15200.txt,15200,56,test,0,0,0,0
images/test/frame_15210.jpg,labels/test/frame_15210.txt,15210,56,test,0,0,0,0
images/test/frame_15220.jpg,labels/test/frame_15220.txt,15220,56,test,0,1,0,0
images/test/frame_15230.jpg,labels/test/frame_15230.txt,15230,56,test,0,1,0,0
images/test/frame_15240.jpg,labels/test/frame_15240.txt,15240,56,test,0,1,0,0
images/test/frame_15250.jpg,labels/test/frame_15250.txt,15250,56,test,0,1,0,0
images/test/frame_15260.jpg,labels/test/frame_15260.txt,15260,56,test,0,1,0,0
images/test/frame_15270.jpg,labels/test/frame_15270.txt,15270,56,test,0,1,0,0
images/test/frame_15280.jpg,labels/test/frame_15280.txt,15280,56,test,0,0,0,0
images/test/frame_15290.jpg,labels/test/frame_15290.txt,15290,56,test,0,0,0,0
images/test/frame_15300.jpg,labels/test/frame_15300.txt,15300,56,test,0,0,0,0
images/train/frame_15320.jpg,labels/train/frame_15320.txt,15320,57,train,0,1,0,0
images/test/frame_15340.jpg,labels/test/frame_15340.txt,15340,58,test,0,1,0,0
images/test/frame_15350.jpg,labels/test/frame_15350.txt,15350,58,test,0,2,0,0
images/train/frame_15370.jpg,labels/train/frame_15370.txt,15370,59,train,0,0,0,0
images/train/frame_15380.jpg,labels/train/frame_15380.txt,15380,59,train,0,1,0,0
images/train/frame_15390.jpg,labels/train/frame_15390.txt,15390,59,train,0,1,0,0
images/train/frame_15400.jpg,labels/train/frame_15400.txt,15400,59,train,0,1,0,0
images/train/frame_15410.jpg,labels/train/frame_15410.txt,15410,59,train,0,0,0,0
images/train/frame_15420.jpg,labels/train/frame_15420.txt,15420,59,train,0,0,0,0
images/train/frame_15430.jpg,labels/train/frame_15430.txt,15430,59,train,0,2,0,0
images/train/frame_15440.jpg,labels/train/frame_15440.txt,15440,59,train,0,0,0,0
images/train/frame_15450.jpg,labels/train/frame_15450.txt,15450,59,train,0,0,0,0
images/train/frame_15460.jpg,labels/train/frame_15460.txt,15460,59,train,0,0,0,0
images/train/frame_15470.jpg,labels/train/frame_15470.txt,15470,59,train,0,0,0,0
images/train/frame_15480.jpg,labels/train/frame_15480.txt,15480,59,train,0,0,0,0
images/train/frame_15490.jpg,labels/train/frame_15490.txt,15490,59,train,0,0,0,0
images/train/frame_15500.jpg,labels/train/frame_15500.txt,15500,59,train,0,0,0,0
images/train/frame_15510.jpg,labels/train/frame_15510.txt,15510,59,train,0,0,0,0
images/train/frame_15520.jpg,labels/train/frame_15520.txt,15520,59,train,0,0,0,0
images/train/frame_15530.jpg,labels/train/frame_15530.txt,15530,59,train,0,0,0,0
images/train/frame_15540.jpg,labels/train/frame_15540.txt,15540,59,train,0,0,0,0
images/train/frame_15550.jpg,labels/train/frame_15550.txt,15550,59,train,0,0,0,0
images/train/frame_15560.jpg,labels/train/frame_15560.txt,15560,59,train,0,0,0,0
images/train/frame_15570.jpg,labels/train/frame_15570.txt,15570,59,train,0,0,0,0
images/train/frame_15580.jpg,labels/train/frame_15580.txt,15580,59,train,0,0,0,0
images/train/frame_15590.jpg,labels/train/frame_15590.txt,15590,59,train,0,0,0,0
images/train/frame_15600.jpg,labels/train/frame_15600.txt,15600,59,train,0,0,0,0
images/train/frame_15610.jpg,labels/train/frame_15610.txt,15610,59,train,0,0,0,0
images/train/frame_15620.jpg,labels/train/frame_15620.txt,15620,59,train,0,0,0,0
images/train/frame_15630.jpg,labels/train/frame_15630.txt,15630,59,train,0,0,0,0
images/train/frame_15640.jpg,labels/train/frame_15640.txt,15640,59,train,0,0,0,0
images/train/frame_15650.jpg,labels/train/frame_15650.txt,15650,59,train,0,1,0,0
images/train/frame_15660.jpg,labels/train/frame_15660.txt,15660,59,train,0,1,0,0
images/train/frame_15700.jpg,labels/train/frame_15700.txt,15700,60,train,0,0,0,0
images/train/frame_15710.jpg,labels/train/frame_15710.txt,15710,60,train,0,1,0,0
images/train/frame_15720.jpg,labels/train/frame_15720.txt,15720,60,train,0,2,0,0
images/train/frame_15730.jpg,labels/train/frame_15730.txt,15730,60,train,0,2,0,0
images/train/frame_15740.jpg,labels/train/frame_15740.txt,15740,60,train,0,2,0,0
images/train/frame_15750.jpg,labels/train/frame_15750.txt,15750,60,train,0,1,0,0
images/train/frame_15760.jpg,labels/train/frame_15760.txt,15760,60,train,0,1,0,0
images/train/frame_15770.jpg,labels/train/frame_15770.txt,15770,60,train,0,1,0,0
images/train/frame_15780.jpg,labels/train/frame_15780.txt,15780,60,train,0,1,0,0
images/train/frame_15790.jpg,labels/train/frame_15790.txt,15790,60,train,0,2,0,0
images/train/frame_15800.jpg,labels/train/frame_15800.txt,15800,60,train,0,1,0,0
images/train/frame_15810.jpg,labels/train/frame_15810.txt,15810,60,train,0,2,0,0
images/train/frame_15820.jpg,labels/train/frame_15820.txt,15820,60,train,0,1,0,0
images/train/frame_15830.jpg,labels/train/frame_15830.txt,15830,60,train,0,1,0,0
images/train/frame_15840.jpg,labels/train/frame_15840.txt,15840,60,train,0,0,0,0
images/train/frame_15850.jpg,labels/train/frame_15850.txt,15850,60,train,0,0,0,0
images/train/frame_15860.jpg,labels/train/frame_15860.txt,15860,60,train,0,0,0,0
images/train/frame_15870.jpg,labels/train/frame_15870.txt,15870,60,train,0,0,0,0
images/train/frame_15880.jpg,labels/train/frame_15880.txt,15880,60,train,0,0,0,0
images/train/frame_15890.jpg,labels/train/frame_15890.txt,15890,60,train,0,0,0,0
images/train/frame_15900.jpg,labels/train/frame_15900.txt,15900,60,train,0,0,0,0
images/train/frame_15910.jpg,labels/train/frame_15910.txt,15910,60,train,0,0,0,0
images/train/frame_15920.jpg,labels/train/frame_15920.txt,15920,60,train,0,0,0,0
images/train/frame_15930.jpg,labels/train/frame_15930.txt,15930,60,train,0,0,0,0
images/train/frame_15940.jpg,labels/train/frame_15940.txt,15940,60,train,0,0,0,0
images/train/frame_15950.jpg,labels/train/frame_15950.txt,15950,60,train,0,0,0,0
images/train/frame_15960.jpg,labels/train/frame_15960.txt,15960,60,train,0,0,0,0
images/train/frame_15970.jpg,labels/train/frame_15970.txt,15970,60,train,0,0,0,0
images/train/frame_15980.jpg,labels/train/frame_15980.txt,15980,60,train,0,0,0,0
images/train/frame_15990.jpg,labels/train/frame_15990.txt,15990,60,train,0,0,0,0
images/train/frame_16000.jpg,labels/train/frame_16000.txt,16000,60,train,0,0,0,0
images/train/frame_16010.jpg,labels/train/frame_16010.txt,16010,60,train,0,0,0,0
images/train/frame_16020.jpg,labels/train/frame_16020.txt,16020,60,train,0,0,0,0
images/train/frame_16030.jpg,labels/train/frame_16030.txt,16030,60,train,0,0,0,0
images/train/frame_16040.jpg,labels/train/frame_16040.txt,16040,60,train,0,0,0,0
images/train/frame_16050.jpg,labels/train/frame_16050.txt,16050,60,train,0,0,0,0
images/train/frame_16060.jpg,labels/train/frame_16060.txt,16060,60,train,0,0,0,0
images/train/frame_16070.jpg,labels/train/frame_16070.txt,16070,60,train,0,0,0,0
images/train/frame_16080.jpg,labels/train/frame_16080.txt,16080,60,train,0,0,0,0
images/train/frame_16090.jpg,labels/train/frame_16090.txt,16090,60,train,0,0,0,0
images/test/frame_16110.jpg,labels/test/frame_16110.txt,16110,61,test,0,0,0,0
images/test/frame_16120.jpg,labels/test/frame_16120.txt,16120,61,test,0,0,0,0
images/test/frame_16130.jpg,labels/test/frame_16130.txt,16130,61,test,0,0,0,0
images/train/frame_16170.jpg,labels/train/frame_16170.txt,16170,62,train,0,1,0,0
images/train/frame_16180.jpg,labels/train/frame_16180.txt,16180,62,train,0,1,0,0
images/train/frame_16190.jpg,labels/train/frame_16190.txt,16190,62,train,0,1,0,0
images/train/frame_16200.jpg,labels/train/frame_16200.txt,16200,62,train,0,1,0,0
images/train/frame_16210.jpg,labels/train/frame_16210.txt,16210,62,train,0,1,0,0
images/train/frame_16220.jpg,labels/train/frame_16220.txt,16220,62,train,0,1,0,0
images/train/frame_16230.jpg,labels/train/frame_16230.txt,16230,62,train,0,1,0,0
images/train/frame_16240.jpg,labels/train/frame_16240.txt,16240,62,train,0,1,0,0
images/train/frame_16250.jpg,labels/train/frame_16250.txt,16250,62,train,0,1,0,0
images/train/frame_16260.jpg,labels/train/frame_16260.txt,16260,62,train,0,1,0,0
images/train/frame_16270.jpg,labels/train/frame_16270.txt,16270,62,train,0,1,0,0
images/train/frame_16280.jpg,labels/train/frame_16280.txt,16280,62,train,0,1,0,0
images/train/frame_16290.jpg,labels/train/frame_16290.txt,16290,62,train,0,1,0,0
images/train/frame_16300.jpg,labels/train/frame_16300.txt,16300,62,train,0,1,0,0
images/train/frame_16310.jpg,labels/train/frame_16310.txt,16310,62,train,0,2,0,0
images/train/frame_16320.jpg,labels/train/frame_16320.txt,16320,62,train,0,2,0,0
images/train/frame_16330.jpg,labels/train/frame_16330.txt,16330,62,train,0,1,0,0
images/train/frame_16340.jpg,labels/train/frame_16340.txt,16340,62,train,0,1,0,0
images/train/frame_16350.jpg,labels/train/frame_16350.txt,16350,62,train,0,1,0,0
images/train/frame_16360.jpg,labels/train/frame_16360.txt,16360,62,train,0,1,0,0
images/train/frame_16370.jpg,labels/train/frame_16370.txt,16370,62,train,0,1,0,0
images/train/frame_16380.jpg,labels/train/frame_16380.txt,16380,62,train,0,1,0,0
images/train/frame_16390.jpg,labels/train/frame_16390.txt,16390,62,train,0,1,0,0
images/train/frame_16400.jpg,labels/train/frame_16400.txt,16400,62,train,0,0,0,0
images/train/frame_16410.jpg,labels/train/frame_16410.txt,16410,62,train,0,0,0,0
images/train/frame_16420.jpg,labels/train/frame_16420.txt,16420,62,train,0,0,0,0
images/train/frame_16430.jpg,labels/train/frame_16430.txt,16430,62,train,0,0,0,0
images/train/frame_16440.jpg,labels/train/frame_16440.txt,16440,62,train,0,0,0,0
images/train/frame_16450.jpg,labels/train/frame_16450.txt,16450,62,train,0,0,0,0
images/train/frame_16460.jpg,labels/train/frame_16460.txt,16460,62,train,0,0,0,0
images/train/frame_16470.jpg,labels/train/frame_16470.txt,16470,62,train,0,0,0,0
images/train/frame_16480.jpg,labels/train/frame_16480.txt,16480,62,train,0,0,0,0
images/train/frame_16490.jpg,labels/train/frame_16490.txt,16490,62,train,0,0,0,0
images/train/frame_16500.jpg,labels/train/frame_16500.txt,16500,62,train,0,0,0,0
images/train/frame_16510.jpg,labels/train/frame_16510.txt,16510,62,train,0,0,0,0
images/train/frame_16520.jpg,labels/train/frame_16520.txt,16520,62,train,0,0,0,0
images/train/frame_16530.jpg,labels/train/frame_16530.txt,16530,62,train,0,0,0,0
images/train/frame_16540.jpg,labels/train/frame_16540.txt,16540,62,train,0,0,0,0
images/train/frame_16550.jpg,labels/train/frame_16550.txt,16550,62,train,0,0,0,0
images/train/frame_16560.jpg,labels/train/frame_16560.txt,16560,62,train,0,0,0,0
images/train/frame_16570.jpg,labels/train/frame_16570.txt,16570,62,train,0,0,0,0
images/train/frame_16580.jpg,labels/train/frame_16580.txt,16580,62,train,0,0,0,0
images/train/frame_16590.jpg,labels/train/frame_16590.txt,16590,62,train,0,0,0,0
images/train/frame_16600.jpg,labels/train/frame_16600.txt,16600,62,train,0,0,0,0
images/train/frame_16610.jpg,labels/train/frame_16610.txt,16610,62,train,0,0,0,0
images/train/frame_16620.jpg,labels/train/frame_16620.txt,16620,62,train,0,0,0,0
images/train/frame_16630.jpg,labels/train/frame_16630.txt,16630,62,train,0,0,0,0
images/train/frame_16640.jpg,labels/train/frame_16640.txt,16640,62,train,0,0,0,0
images/train/frame_16650.jpg,labels/train/frame_16650.txt,16650,62,train,1,0,0,0
images/train/frame_16660.jpg,labels/train/frame_16660.txt,16660,62,train,1,0,0,0
images/train/frame_16670.jpg,labels/train/frame_16670.txt,16670,62,train,1,0,0,0
images/train/frame_16680.jpg,labels/train/frame_16680.txt,16680,62,train,1,0,0,0
images/train/frame_16690.jpg,labels/train/frame_16690.txt,16690,62,train,0,0,0,0
images/train/frame_16700.jpg,labels/train/frame_16700.txt,16700,62,train,0,0,0,0
images/train/frame_16710.jpg,labels/train/frame_16710.txt,16710,62,train,0,0,0,0
images/train/frame_16720.jpg,labels/train/frame_16720.txt,16720,62,train,0,0,0,0
images/train/frame_16730.jpg,labels/train/frame_16730.txt,16730,62,train,0,0,0,0
images/train/frame_16740.jpg,labels/train/frame_16740.txt,16740,62,train,0,0,0,0
images/train/frame_16750.jpg,labels/train/frame_16750.txt,16750,62,train,0,0,0,0
images/train/frame_16760.jpg,labels/train/frame_16760.txt,16760,62,train,0,0,0,0
images/train/frame_16770.jpg,labels/train/frame_16770.txt,16770,62,train,0,0,0,0
images/train/frame_16780.jpg,labels/train/frame_16780.txt,16780,62,train,0,0,0,0
images/train/frame_16790.jpg,labels/train/frame_16790.txt,16790,62,train,0,0,0,0
images/train/frame_16800.jpg,labels/train/frame_16800.txt,16800,62,train,0,0,0,0
images/train/frame_16810.jpg,labels/train/frame_16810.txt,16810,62,train,0,0,0,0
images/train/frame_16820.jpg,labels/train/frame_16820.txt,16820,62,train,0,0,0,0
images/train/frame_16830.jpg,labels/train/frame_16830.txt,16830,62,train,0,0,0,0
images/train/frame_16840.jpg,labels/train/frame_16840.txt,16840,62,train,0,0,0,0
images/train/frame_16850.jpg,labels/train/frame_16850.txt,16850,62,train,0,0,0,0
images/train/frame_16860.jpg,labels/train/frame_16860.txt,16860,62,train,0,0,0,0
images/train/frame_16870.jpg,labels/train/frame_16870.txt,16870,62,train,0,0,0,0
images/train/frame_16880.jpg,labels/train/frame_16880.txt,16880,62,train,0,0,0,0
images/train/frame_16890.jpg,labels/train/frame_16890.txt,16890,62,train,0,0,0,0
images/train/frame_16900.jpg,labels/train/frame_16900.txt,16900,62,train,0,0,0,0
images/train/frame_16910.jpg,labels/train/frame_16910.txt,16910,62,train,0,0,0,0
images/train/frame_16920.jpg,labels/train/frame_16920.txt,16920,62,train,0,0,0,0
images/train/frame_16930.jpg,labels/train/frame_16930.txt,16930,62,train,0,0,0,0
images/train/frame_16940.jpg,labels/train/frame_16940.txt,16940,62,train,0,0,0,0
images/train/frame_16950.jpg,labels/train/frame_16950.txt,16950,62,train,0,0,0,0
images/train/frame_16960.jpg,labels/train/frame_16960.txt,16960,62,train,0,0,0,0
images/train/frame_16970.jpg,labels/train/frame_16970.txt,16970,62,train,0,0,0,0
images/train/frame_16980.jpg,labels/train/frame_16980.txt,16980,62,train,0,0,0,0
images/train/frame_16990.jpg,labels/train/frame_16990.txt,16990,62,train,0,0,0,0
images/train/frame_17000.jpg,labels/train/frame_17000.txt,17000,62,train,0,0,0,0
images/train/frame_17010.jpg,labels/train/frame_17010.txt,17010,62,train,0,0,0,0
images/train/frame_17020.jpg,labels/train/frame_17020.txt,17020,62,train,0,0,0,0
images/train/frame_17040.jpg,labels/train/frame_17040.txt,17040,63,train,0,0,0,0
images/train/frame_17050.jpg,labels/train/frame_17050.txt,17050,63,train,0,0,0,0
images/train/frame_17060.jpg,labels/train/frame_17060.txt,17060,63,train,0,0,0,0
images/train/frame_17070.jpg,labels/train/frame_17070.txt,17070,63,train,0,0,0,0
images/train/frame_17080.jpg,labels/train/frame_17080.txt,17080,63,train,0,0,0,0
images/train/frame_17090.jpg,labels/train/frame_17090.txt,17090,63,train,0,0,0,0
images/train/frame_17100.jpg,labels/train/frame_17100.txt,17100,63,train,0,0,0,0
images/train/frame_17110.jpg,labels/train/frame_17110.txt,17110,63,train,0,0,0,0
images/train/frame_17120.jpg,labels/train/frame_17120.txt,17120,63,train,0,0,0,0
images/train/frame_17130.jpg,labels/train/frame_17130.txt,17130,63,train,0,0,0,0
images/train/frame_17140.jpg,labels/train/frame_17140.txt,17140,63,train,0,0,0,0
images/train/frame_17150.jpg,labels/train/frame_17150.txt,17150,63,train,0,0,0,0
images/train/frame_17160.jpg,labels/train/frame_17160.txt,17160,63,train,0,0,0,0
images/train/frame_17170.jpg,labels/train/frame_17170.txt,17170,63,train,0,0,0,0
images/train/frame_17180.jpg,labels/train/frame_17180.txt,17180,63,train,0,0,0,0
images/train/frame_17190.jpg,labels/train/frame_17190.txt,17190,63,train,0,0,0,0
images/train/frame_17200.jpg,labels/train/frame_17200.txt,17200,63,train,0,0,0,0
images/train/frame_17210.jpg,labels/train/frame_17210.txt,17210,63,train,0,0,0,0
images/train/frame_17220.jpg,labels/train/frame_17220.txt,17220,63,train,0,0,0,0
images/train/frame_17230.jpg,labels/train/frame_17230.txt,17230,63,train,0,0,0,0
images/train/frame_17240.jpg,labels/train/frame_17240.txt,17240,63,train,0,1,0,0
images/train/frame_17250.jpg,labels/train/frame_17250.txt,17250,63,train,0,1,0,0
images/train/frame_17260.jpg,labels/train/frame_17260.txt,17260,63,train,0,0,0,0
images/train/frame_17270.jpg,labels/train/frame_17270.txt,17270,63,train,0,0,0,0
images/train/frame_17280.jpg,labels/train/frame_17280.txt,17280,63,train,0,0,0,0
images/train/frame_17290.jpg,labels/train/frame_17290.txt,17290,63,train,0,0,0,0
images/train/frame_17300.jpg,labels/train/frame_17300.txt,17300,63,train,0,1,0,0
images/train/frame_17310.jpg,labels/train/frame_17310.txt,17310,63,train,0,1,0,0
images/train/frame_17320.jpg,labels/train/frame_17320.txt,17320,63,train,0,0,0,0
images/train/frame_17330.jpg,labels/train/frame_17330.txt,17330,63,train,0,0,0,0
images/train/frame_17340.jpg,labels/train/frame_17340.txt,17340,63,train,0,0,0,0
images/train/frame_17350.jpg,labels/train/frame_17350.txt,17350,63,train,0,0,0,0
images/train/frame_17360.jpg,labels/train/frame_17360.txt,17360,63,train,0,0,0,0
images/train/frame_17370.jpg,labels/train/frame_17370.txt,17370,63,train,0,0,0,0
images/train/frame_17380.jpg,labels/train/frame_17380.txt,17380,63,train,0,0,0,0
images/train/frame_17390.jpg,labels/train/frame_17390.txt,17390,63,train,0,0,0,0
images/train/frame_17400.jpg,labels/train/frame_17400.txt,17400,63,train,0,0,0,0
images/train/frame_17410.jpg,labels/train/frame_17410.txt,17410,63,train,0,0,0,0
images/train/frame_17420.jpg,labels/train/frame_17420.txt,17420,63,train,0,0,0,0
images/train/frame_17430.jpg,labels/train/frame_17430.txt,17430,63,train,0,0,0,0
images/train/frame_17440.jpg,labels/train/frame_17440.txt,17440,63,train,0,0,0,0
images/train/frame_17450.jpg,labels/train/frame_17450.txt,17450,63,train,0,0,0,0
images/train/frame_17460.jpg,labels/train/frame_17460.txt,17460,63,train,0,0,0,0
images/train/frame_17470.jpg,labels/train/frame_17470.txt,17470,63,train,0,0,0,0
images/train/frame_17480.jpg,labels/train/frame_17480.txt,17480,63,train,0,0,0,0
images/train/frame_17490.jpg,labels/train/frame_17490.txt,17490,63,train,0,0,0,0
images/train/frame_17500.jpg,labels/train/frame_17500.txt,17500,63,train,0,0,0,0
images/train/frame_17510.jpg,labels/train/frame_17510.txt,17510,63,train,0,0,0,0
images/train/frame_17520.jpg,labels/train/frame_17520.txt,17520,63,train,0,0,0,0
images/train/frame_17530.jpg,labels/train/frame_17530.txt,17530,63,train,0,0,0,0
images/train/frame_17540.jpg,labels/train/frame_17540.txt,17540,63,train,0,0,0,0
images/train/frame_17560.jpg,labels/train/frame_17560.txt,17560,64,train,0,0,0,0
images/train/frame_17570.jpg,labels/train/frame_17570.txt,17570,64,train,0,0,0,0
images/train/frame_17580.jpg,labels/train/frame_17580.txt,17580,64,train,0,0,0,0
images/train/frame_17590.jpg,labels/train/frame_17590.txt,17590,64,train,0,0,0,0
images/train/frame_17600.jpg,labels/train/frame_17600.txt,17600,64,train,0,0,0,0
images/train/frame_17610.jpg,labels/train/frame_17610.txt,17610,64,train,0,0,0,0
images/train/frame_17620.jpg,labels/train/frame_17620.txt,17620,64,train,0,0,0,0
images/train/frame_17630.jpg,labels/train/frame_17630.txt,17630,64,train,0,0,0,0
images/train/frame_17640.jpg,labels/train/frame_17640.txt,17640,64,train,0,0,0,0
images/train/frame_17650.jpg,labels/train/frame_17650.txt,17650,64,train,0,0,0,0
images/train/frame_17660.jpg,labels/train/frame_17660.txt,17660,64,train,0,0,0,0
images/train/frame_17670.jpg,labels/train/frame_17670.txt,17670,64,train,0,0,0,0
images/train/frame_17680.jpg,labels/train/frame_17680.txt,17680,64,train,0,0,0,0
images/train/frame_17690.jpg,labels/train/frame_17690.txt,17690,64,train,0,0,0,0
images/train/frame_17700.jpg,labels/train/frame_17700.txt,17700,64,train,0,0,0,0
images/train/frame_17710.jpg,labels/train/frame_17710.txt,17710,64,train,0,0,0,0
images/train/frame_17720.jpg,labels/train/frame_17720.txt,17720,64,train,0,0,0,0
images/train/frame_17730.jpg,labels/train/frame_17730.txt,17730,64,train,0,0,0,0
images/train/frame_17740.jpg,labels/train/frame_17740.txt,17740,64,train,0,0,0,0
images/train/frame_17750.jpg,labels/train/frame_17750.txt,17750,64,train,0,0,0,0
images/train/frame_17760.jpg,labels/train/frame_17760.txt,17760,64,train,0,0,0,0
images/train/frame_17770.jpg,labels/train/frame_17770.txt,17770,64,train,0,0,0,0
images/train/frame_17780.jpg,labels/train/frame_17780.txt,17780,64,train,0,0,0,0
images/train/frame_17790.jpg,labels/train/frame_17790.txt,17790,64,train,0,0,0,0
images/train/frame_17800.jpg,labels/train/frame_17800.txt,17800,64,train,0,0,0,0
images/train/frame_17810.jpg,labels/train/frame_17810.txt,17810,64,train,0,0,0,0
images/train/frame_17820.jpg,labels/train/frame_17820.txt,17820,64,train,0,0,0,0
images/train/frame_17830.jpg,labels/train/frame_17830.txt,17830,64,train,0,0,0,0
images/train/frame_17840.jpg,labels/train/frame_17840.txt,17840,64,train,0,0,0,0
images/train/frame_17850.jpg,labels/train/frame_17850.txt,17850,64,train,0,0,0,0
images/train/frame_17860.jpg,labels/train/frame_17860.txt,17860,64,train,0,0,0,0
images/train/frame_17870.jpg,labels/train/frame_17870.txt,17870,64,train,0,0,0,0
images/train/frame_17880.jpg,labels/train/frame_17880.txt,17880,64,train,0,0,0,0
images/train/frame_17890.jpg,labels/train/frame_17890.txt,17890,64,train,0,0,0,0
images/train/frame_17900.jpg,labels/train/frame_17900.txt,17900,64,train,0,0,0,0
images/train/frame_17910.jpg,labels/train/frame_17910.txt,17910,64,train,0,0,0,0
images/train/frame_17920.jpg,labels/train/frame_17920.txt,17920,64,train,0,0,0,0
images/train/frame_17930.jpg,labels/train/frame_17930.txt,17930,64,train,0,0,0,0
images/train/frame_17940.jpg,labels/train/frame_17940.txt,17940,64,train,0,0,0,0
images/train/frame_17950.jpg,labels/train/frame_17950.txt,17950,64,train,0,0,0,0
images/train/frame_17960.jpg,labels/train/frame_17960.txt,17960,64,train,0,0,0,0
images/train/frame_17970.jpg,labels/train/frame_17970.txt,17970,64,train,0,0,0,0
images/train/frame_17980.jpg,labels/train/frame_17980.txt,17980,64,train,0,1,0,0
images/train/frame_17990.jpg,labels/train/frame_17990.txt,17990,64,train,0,2,0,0
images/train/frame_18000.jpg,labels/train/frame_18000.txt,18000,64,train,0,0,0,0
images/train/frame_18010.jpg,labels/train/frame_18010.txt,18010,64,train,0,0,0,0
images/train/frame_18020.jpg,labels/train/frame_18020.txt,18020,64,train,0,0,0,0
images/train/frame_18030.jpg,labels/train/frame_18030.txt,18030,64,train,0,0,0,0
images/train/frame_18040.jpg,labels/train/frame_18040.txt,18040,64,train,0,0,0,0
images/train/frame_18050.jpg,labels/train/frame_18050.txt,18050,64,train,0,0,0,0
images/train/frame_18060.jpg,labels/train/frame_18060.txt,18060,64,train,0,0,0,0
images/train/frame_18070.jpg,labels/train/frame_18070.txt,18070,64,train,0,0,0,0
images/train/frame_18080.jpg,labels/train/frame_18080.txt,18080,64,train,0,0,0,0
images/train/frame_18090.jpg,labels/train/frame_18090.txt,18090,64,train,0,0,0,0
images/train/frame_18100.jpg,labels/train/frame_18100.txt,18100,64,train,0,0,0,0
images/train/frame_18110.jpg,labels/train/frame_18110.txt,18110,64,train,0,0,0,0
images/train/frame_18120.jpg,labels/train/frame_18120.txt,18120,64,train,0,0,0,0
images/train/frame_18130.jpg,labels/train/frame_18130.txt,18130,64,train,0,0,0,0
images/train/frame_18140.jpg,labels/train/frame_18140.txt,18140,64,train,0,0,0,0
images/train/frame_18150.jpg,labels/train/frame_18150.txt,18150,64,train,0,0,0,0
images/train/frame_18160.jpg,labels/train/frame_18160.txt,18160,64,train,0,0,0,0
images/train/frame_18170.jpg,labels/train/frame_18170.txt,18170,64,train,0,0,0,0
images/train/frame_18180.jpg,labels/train/frame_18180.txt,18180,64,train,0,0,0,0
images/train/frame_18190.jpg,labels/train/frame_18190.txt,18190,64,train,0,0,0,0
images/train/frame_18200.jpg,labels/train/frame_18200.txt,18200,64,train,0,0,0,0
images/train/frame_18210.jpg,labels/train/frame_18210.txt,18210,64,train,0,0,0,0
images/train/frame_18220.jpg,labels/train/frame_18220.txt,18220,64,train,0,0,0,0
images/train/frame_18230.jpg,labels/train/frame_18230.txt,18230,64,train,0,0,0,0
images/train/frame_18240.jpg,labels/train/frame_18240.txt,18240,64,train,0,0,0,0
images/train/frame_18250.jpg,labels/train/frame_18250.txt,18250,64,train,0,0,0,0
images/train/frame_18260.jpg,labels/train/frame_18260.txt,18260,64,train,0,0,0,0
images/train/frame_18270.jpg,labels/train/frame_18270.txt,18270,64,train,0,0,0,0
images/train/frame_18280.jpg,labels/train/frame_18280.txt,18280,64,train,0,0,0,0
images/train/frame_18290.jpg,labels/train/frame_18290.txt,18290,64,train,0,0,0,0
images/train/frame_18300.jpg,labels/train/frame_18300.txt,18300,64,train,0,0,0,0
images/train/frame_18310.jpg,labels/train/frame_18310.txt,18310,64,train,0,0,0,0
images/train/frame_18320.jpg,labels/train/frame_18320.txt,18320,64,train,0,0,0,0
images/train/frame_18330.jpg,labels/train/frame_18330.txt,18330,64,train,0,0,0,0
images/train/frame_18340.jpg,labels/train/frame_18340.txt,18340,64,train,0,0,0,0
images/train/frame_18350.jpg,labels/train/frame_18350.txt,18350,64,train,0,0,0,0
images/train/frame_18360.jpg,labels/train/frame_18360.txt,18360,64,train,0,0,0,0
images/train/frame_18370.jpg,labels/train/frame_18370.txt,18370,64,train,0,0,0,0
images/train/frame_18380.jpg,labels/train/frame_18380.txt,18380,64,train,0,0,0,0
images/train/frame_18390.jpg,labels/train/frame_18390.txt,18390,64,train,0,0,0,0
images/train/frame_18400.jpg,labels/train/frame_18400.txt,18400,64,train,0,0,0,0
images/train/frame_18410.jpg,labels/train/frame_18410.txt,18410,64,train,0,0,0,0
images/train/frame_18420.jpg,labels/train/frame_18420.txt,18420,64,train,0,0,0,0
images/train/frame_18430.jpg,labels/train/frame_18430.txt,18430,64,train,0,0,0,0
images/train/frame_18440.jpg,labels/train/frame_18440.txt,18440,64,train,0,0,0,0
images/train/frame_18450.jpg,labels/train/frame_18450.txt,18450,64,train,0,0,0,0
images/train/frame_18460.jpg,labels/train/frame_18460.txt,18460,64,train,0,0,0,0
images/train/frame_18470.jpg,labels/train/frame_18470.txt,18470,64,train,0,0,0,0
images/train/frame_18480.jpg,labels/train/frame_18480.txt,18480,64,train,0,0,0,0
images/train/frame_18490.jpg,labels/train/frame_18490.txt,18490,64,train,0,0,0,0
images/train/frame_18500.jpg,labels/train/frame_18500.txt,18500,64,train,0,0,0,0
images/train/frame_18510.jpg,labels/train/frame_18510.txt,18510,64,train,0,0,0,0
images/train/frame_18520.jpg,labels/train/frame_18520.txt,18520,64,train,0,0,0,0
images/train/frame_18530.jpg,labels/train/frame_18530.txt,18530,64,train,0,0,0,0
images/train/frame_18540.jpg,labels/train/frame_18540.txt,18540,64,train,0,0,0,0
images/train/frame_18550.jpg,labels/train/frame_18550.txt,18550,64,train,0,0,0,0
images/train/frame_18560.jpg,labels/train/frame_18560.txt,18560,64,train,0,0,0,0
images/train/frame_18570.jpg,labels/train/frame_18570.txt,18570,64,train,0,0,0,0
images/train/frame_18580.jpg,labels/train/frame_18580.txt,18580,64,train,0,0,0,0
images/train/frame_18590.jpg,labels/train/frame_18590.txt,18590,64,train,0,0,0,0
images/train/frame_18600.jpg,labels/train/frame_18600.txt,18600,64,train,0,0,0,0
images/train/frame_18610.jpg,labels/train/frame_18610.txt,18610,64,train,0,0,0,0
images/train/frame_18620.jpg,labels/train/frame_18620.txt,18620,64,train,0,0,0,0
images/train/frame_18630.jpg,labels/train/frame_18630.txt,18630,64,train,0,0,0,0
images/train/frame_18640.jpg,labels/train/frame_18640.txt,18640,64,train,0,0,0,0
images/train/frame_18650.jpg,labels/train/frame_18650.txt,18650,64,train,0,0,0,0
images/train/frame_18660.jpg,labels/train/frame_18660.txt,18660,64,train,0,0,0,0
images/train/frame_18680.jpg,labels/train/frame_18680.txt,18680,65,train,0,0,0,0
images/train/frame_18690.jpg,labels/train/frame_18690.txt,18690,65,train,0,0,0,0
images/train/frame_18700.jpg,labels/train/frame_18700.txt,18700,65,train,0,0,0,0
images/train/frame_18710.jpg,labels/train/frame_18710.txt,18710,65,train,0,0,0,0
images/train/frame_18720.jpg,labels/train/frame_18720.txt,18720,65,train,0,0,0,0
images/train/frame_18730.jpg,labels/train/frame_18730.txt,18730,65,train,0,0,0,0
images/train/frame_18740.jpg,labels/train/frame_18740.txt,18740,65,train,0,0,0,0
images/train/frame_18750.jpg,labels/train/frame_18750.txt,18750,65,train,0,0,0,0
images/train/frame_18760.jpg,labels/train/frame_18760.txt,18760,65,train,0,0,0,0
images/train/frame_18770.jpg,labels/train/frame_18770.txt,18770,65,train,0,0,0,0
images/train/frame_18780.jpg,labels/train/frame_18780.txt,18780,65,train,0,0,0,0
images/train/frame_18790.jpg,labels/train/frame_18790.txt,18790,65,train,0,0,0,0
images/train/frame_18800.jpg,labels/train/frame_18800.txt,18800,65,train,0,0,0,0
images/train/frame_18810.jpg,labels/train/frame_18810.txt,18810,65,train,0,0,0,0
images/train/frame_18820.jpg,labels/train/frame_18820.txt,18820,65,train,0,0,0,0
images/train/frame_18830.jpg,labels/train/frame_18830.txt,18830,65,train,0,0,0,0
images/train/frame_18840.jpg,labels/train/frame_18840.txt,18840,65,train,0,0,0,0
images/train/frame_18850.jpg,labels/train/frame_18850.txt,18850,65,train,0,0,0,0
images/train/frame_18860.jpg,labels/train/frame_18860.txt,18860,65,train,0,0,0,0
images/train/frame_18870.jpg,labels/train/frame_18870.txt,18870,65,train,0,0,0,0
images/train/frame_18880.jpg,labels/train/frame_18880.txt,18880,65,train,0,1,0,0
images/train/frame_18890.jpg,labels/train/frame_18890.txt,18890,65,train,0,1,0,0
images/train/frame_18900.jpg,labels/train/frame_18900.txt,18900,65,train,0,1,0,0
images/train/frame_18910.jpg,labels/train/frame_18910.txt,18910,65,train,0,1,0,0
images/train/frame_18920.jpg,labels/train/frame_18920.txt,18920,65,train,0,1,0,0
images/train/frame_18930.jpg,labels/train/frame_18930.txt,18930,65,train,0,1,0,0
images/train/frame_18940.jpg,labels/train/frame_18940.txt,18940,65,train,0,0,0,0
images/train/frame_18950.jpg,labels/train/frame_18950.txt,18950,65,train,0,0,0,0
images/train/frame_18960.jpg,labels/train/frame_18960.txt,18960,65,train,0,0,0,0
images/train/frame_18970.jpg,labels/train/frame_18970.txt,18970,65,train,0,0,0,0
images/train/frame_18980.jpg,labels/train/frame_18980.txt,18980,65,train,0,0,0,0
images/train/frame_18990.jpg,labels/train/frame_18990.txt,18990,65,train,0,0,0,0
images/train/frame_19000.jpg,labels/train/frame_19000.txt,19000,65,train,0,0,0,0
images/train/frame_19010.jpg,labels/train/frame_19010.txt,19010,65,train,0,0,0,0
images/train/frame_19020.jpg,labels/train/frame_19020.txt,19020,65,train,0,0,0,0
images/train/frame_19030.jpg,labels/train/frame_19030.txt,19030,65,train,0,0,0,0
images/train/frame_19040.jpg,labels/train/frame_19040.txt,19040,65,train,0,0,0,0
images/train/frame_19050.jpg,labels/train/frame_19050.txt,19050,65,train,0,0,0,0
images/train/frame_19060.jpg,labels/train/frame_19060.txt,19060,65,train,0,0,0,0
images/train/frame_19070.jpg,labels/train/frame_19070.txt,19070,65,train,0,0,0,0
images/train/frame_19080.jpg,labels/train/frame_19080.txt,19080,65,train,0,0,0,0
images/train/frame_19090.jpg,labels/train/frame_19090.txt,19090,65,train,0,0,0,0
images/train/frame_19100.jpg,labels/train/frame_19100.txt,19100,65,train,0,0,0,0
images/train/frame_19110.jpg,labels/train/frame_19110.txt,19110,65,train,0,0,1,0
images/train/frame_19120.jpg,labels/train/frame_19120.txt,19120,65,train,0,0,1,0
images/train/frame_19130.jpg,labels/train/frame_19130.txt,19130,65,train,0,0,1,0
images/train/frame_19140.jpg,labels/train/frame_19140.txt,19140,65,train,0,0,1,0
images/train/frame_19150.jpg,labels/train/frame_19150.txt,19150,65,train,0,0,1,0
images/train/frame_19160.jpg,labels/train/frame_19160.txt,19160,65,train,0,0,1,0
images/train/frame_19170.jpg,labels/train/frame_19170.txt,19170,65,train,0,0,1,0
images/train/frame_19180.jpg,labels/train/frame_19180.txt,19180,65,train,0,0,1,0
images/train/frame_19190.jpg,labels/train/frame_19190.txt,19190,65,train,0,0,0,0
images/train/frame_19200.jpg,labels/train/frame_19200.txt,19200,65,train,0,0,0,0
images/train/frame_19210.jpg,labels/train/frame_19210.txt,19210,65,train,0,0,0,0
images/train/frame_19220.jpg,labels/train/frame_19220.txt,19220,65,train,0,0,0,0
images/train/frame_19230.jpg,labels/train/frame_19230.txt,19230,65,train,0,0,0,0
images/train/frame_19240.jpg,labels/train/frame_19240.txt,19240,65,train,0,0,0,0
images/train/frame_19250.jpg,labels/train/frame_19250.txt,19250,65,train,0,0,0,0
images/train/frame_19260.jpg,labels/train/frame_19260.txt,19260,65,train,0,0,0,0
images/train/frame_19270.jpg,labels/train/frame_19270.txt,19270,65,train,0,0,0,0
images/train/frame_19280.jpg,labels/train/frame_19280.txt,19280,65,train,0,0,0,0
images/train/frame_19290.jpg,labels/train/frame_19290.txt,19290,65,train,0,0,0,0
images/train/frame_19300.jpg,labels/train/frame_19300.txt,19300,65,train,0,0,0,0
images/train/frame_19310.jpg,labels/train/frame_19310.txt,19310,65,train,0,0,0,0
images/train/frame_19320.jpg,labels/train/frame_19320.txt,19320,65,train,0,0,0,0
images/train/frame_19330.jpg,labels/train/frame_19330.txt,19330,65,train,0,0,0,0
images/train/frame_19340.jpg,labels/train/frame_19340.txt,19340,65,train,0,0,0,0
images/train/frame_19350.jpg,labels/train/frame_19350.txt,19350,65,train,0,0,0,0
images/train/frame_19360.jpg,labels/train/frame_19360.txt,19360,65,train,0,0,0,0
images/train/frame_19380.jpg,labels/train/frame_19380.txt,19380,66,train,0,0,0,0
images/train/frame_19390.jpg,labels/train/frame_19390.txt,19390,66,train,0,0,0,0
images/train/frame_19400.jpg,labels/train/frame_19400.txt,19400,66,train,0,0,0,0
images/train/frame_19410.jpg,labels/train/frame_19410.txt,19410,66,train,0,0,0,0
images/train/frame_19420.jpg,labels/train/frame_19420.txt,19420,66,train,0,0,0,0
images/train/frame_19430.jpg,labels/train/frame_19430.txt,19430,66,train,0,0,0,0
images/train/frame_19440.jpg,labels/train/frame_19440.txt,19440,66,train,0,0,0,0
images/train/frame_19450.jpg,labels/train/frame_19450.txt,19450,66,train,0,0,0,0
images/train/frame_19460.jpg,labels/train/frame_19460.txt,19460,66,train,0,0,0,0
images/train/frame_19470.jpg,labels/train/frame_19470.txt,19470,66,train,0,0,0,0
images/train/frame_19480.jpg,labels/train/frame_19480.txt,19480,66,train,0,0,0,0
images/train/frame_19490.jpg,labels/train/frame_19490.txt,19490,66,train,0,0,0,0
images/train/frame_19500.jpg,labels/train/frame_19500.txt,19500,66,train,0,0,0,0
images/train/frame_19510.jpg,labels/train/frame_19510.txt,19510,66,train,0,0,0,0
images/train/frame_19520.jpg,labels/train/frame_19520.txt,19520,66,train,0,0,0,0
images/train/frame_19530.jpg,labels/train/frame_19530.txt,19530,66,train,0,0,0,0
images/train/frame_19540.jpg,labels/train/frame_19540.txt,19540,66,train,0,0,0,0
images/train/frame_19550.jpg,labels/train/frame_19550.txt,19550,66,train,0,0,0,0
images/train/frame_19560.jpg,labels/train/frame_19560.txt,19560,66,train,0,0,0,0
images/train/frame_19570.jpg,labels/train/frame_19570.txt,19570,66,train,0,0,0,0
images/train/frame_19580.jpg,labels/train/frame_19580.txt,19580,66,train,0,0,0,0
images/train/frame_19590.jpg,labels/train/frame_19590.txt,19590,66,train,0,0,0,0
images/train/frame_19600.jpg,labels/train/frame_19600.txt,19600,66,train,0,0,0,0
images/train/frame_19610.jpg,labels/train/frame_19610.txt,19610,66,train,0,0,0,0
images/test/frame_19700.jpg,labels/test/frame_19700.txt,19700,67,test,0,0,0,0
images/test/frame_19710.jpg,labels/test/frame_19710.txt,19710,67,test,0,0,0,0
images/test/frame_19720.jpg,labels/test/frame_19720.txt,19720,67,test,0,0,0,0
images/test/frame_19730.jpg,labels/test/frame_19730.txt,19730,67,test,0,0,0,0
images/test/frame_19740.jpg,labels/test/frame_19740.txt,19740,67,test,0,0,0,0
images/test/frame_19750.jpg,labels/test/frame_19750.txt,19750,67,test,0,1,0,0
images/test/frame_19760.jpg,labels/test/frame_19760.txt,19760,67,test,0,1,0,0
images/test/frame_19770.jpg,labels/test/frame_19770.txt,19770,67,test,0,1,0,0
images/test/frame_19780.jpg,labels/test/frame_19780.txt,19780,67,test,0,1,0,0
images/test/frame_19790.jpg,labels/test/frame_19790.txt,19790,67,test,0,1,0,0
images/test/frame_19800.jpg,labels/test/frame_19800.txt,19800,67,test,0,1,0,0
images/test/frame_19810.jpg,labels/test/frame_19810.txt,19810,67,test,0,1,0,0
images/test/frame_19820.jpg,labels/test/frame_19820.txt,19820,67,test,0,1,0,0
images/test/frame_19830.jpg,labels/test/frame_19830.txt,19830,67,test,0,1,0,0
images/test/frame_19840.jpg,labels/test/frame_19840.txt,19840,67,test,0,1,0,0
images/test/frame_19850.jpg,labels/test/frame_19850.txt,19850,67,test,0,1,0,0
images/test/frame_19860.jpg,labels/test/frame_19860.txt,19860,67,test,0,1,0,0
images/test/frame_19870.jpg,labels/test/frame_19870.txt,19870,67,test,0,1,0,0
images/test/frame_19880.jpg,labels/test/frame_19880.txt,19880,67,test,0,1,0,0
images/test/frame_19890.jpg,labels/test/frame_19890.txt,19890,67,test,0,1,0,0
images/test/frame_19900.jpg,labels/test/frame_19900.txt,19900,67,test,0,1,0,0
images/test/frame_19910.jpg,labels/test/frame_19910.txt,19910,67,test,0,1,0,0
images/test/frame_19920.jpg,labels/test/frame_19920.txt,19920,67,test,0,1,0,0
images/test/frame_19930.jpg,labels/test/frame_19930.txt,19930,67,test,0,1,0,0
images/train/frame_20310.jpg,labels/train/frame_20310.txt,20310,68,train,0,0,0,0
images/train/frame_20320.jpg,labels/train/frame_20320.txt,20320,68,train,0,0,0,0
images/train/frame_20330.jpg,labels/train/frame_20330.txt,20330,68,train,0,0,0,0
images/train/frame_20340.jpg,labels/train/frame_20340.txt,20340,68,train,0,0,1,0
images/train/frame_20350.jpg,labels/train/frame_20350.txt,20350,68,train,0,0,1,0
images/train/frame_20360.jpg,labels/train/frame_20360.txt,20360,68,train,0,0,1,0
images/train/frame_20370.jpg,labels/train/frame_20370.txt,20370,68,train,0,0,1,0
images/train/frame_20380.jpg,labels/train/frame_20380.txt,20380,68,train,0,0,1,0
images/train/frame_20390.jpg,labels/train/frame_20390.txt,20390,68,train,0,0,1,0
images/train/frame_20400.jpg,labels/train/frame_20400.txt,20400,68,train,0,0,1,0
images/train/frame_20410.jpg,labels/train/frame_20410.txt,20410,68,train,0,0,1,0
images/train/frame_20420.jpg,labels/train/frame_20420.txt,20420,68,train,0,0,1,0
images/train/frame_20430.jpg,labels/train/frame_20430.txt,20430,68,train,0,0,0,0
images/train/frame_20440.jpg,labels/train/frame_20440.txt,20440,68,train,0,0,0,0
images/train/frame_20450.jpg,labels/train/frame_20450.txt,20450,68,train,0,0,0,0
images/train/frame_20460.jpg,labels/train/frame_20460.txt,20460,68,train,0,0,0,0
images/train/frame_20470.jpg,labels/train/frame_20470.txt,20470,68,train,0,0,0,0
images/train/frame_20480.jpg,labels/train/frame_20480.txt,20480,68,train,0,0,0,0
images/train/frame_20490.jpg,labels/train/frame_20490.txt,20490,68,train,0,0,0,0
images/train/frame_20500.jpg,labels/train/frame_20500.txt,20500,68,train,0,0,0,0
images/train/frame_20510.jpg,labels/train/frame_20510.txt,20510,68,train,0,0,0,0
images/train/frame_20520.jpg,labels/train/frame_20520.txt,20520,68,train,0,0,0,0
images/train/frame_20530.jpg,labels/train/frame_20530.txt,20530,68,train,0,0,0,0
images/train/frame_20540.jpg,labels/train/frame_20540.txt,20540,68,train,0,0,0,0
images/train/frame_20550.jpg,labels/train/frame_20550.txt,20550,68,train,0,0,0,0
images/train/frame_20560.jpg,labels/train/frame_20560.txt,20560,68,train,0,0,0,0
images/train/frame_20570.jpg,labels/train/frame_20570.txt,20570,68,train,0,0,0,0
images/train/frame_20580.jpg,labels/train/frame_20580.txt,20580,68,train,0,0,0,0
images/train/frame_20590.jpg,labels/train/frame_20590.txt,20590,68,train,0,0,0,0
images/train/frame_20600.jpg,labels/train/frame_20600.txt,20600,68,train,0,0,0,0
images/train/frame_20610.jpg,labels/train/frame_20610.txt,20610,68,train,0,0,0,0
images/train/frame_20620.jpg,labels/train/frame_20620.txt,20620,68,train,0,0,0,0
images/train/frame_20630.jpg,labels/train/frame_20630.txt,20630,68,train,0,0,0,0
images/train/frame_20660.jpg,labels/train/frame_20660.txt,20660,69,train,0,0,0,0
images/train/frame_20670.jpg,labels/train/frame_20670.txt,20670,69,train,0,0,0,0
images/train/frame_20680.jpg,labels/train/frame_20680.txt,20680,69,train,0,0,0,0
images/train/frame_20690.jpg,labels/train/frame_20690.txt,20690,69,train,0,0,0,0
images/val/frame_20760.jpg,labels/val/frame_20760.txt,20760,70,val,0,0,0,0
images/val/frame_20770.jpg,labels/val/frame_20770.txt,20770,70,val,0,0,0,0
images/val/frame_20780.jpg,labels/val/frame_20780.txt,20780,70,val,0,0,0,0
images/val/frame_20990.jpg,labels/val/frame_20990.txt,20990,71,val,0,0,0,0
images/val/frame_21000.jpg,labels/val/frame_21000.txt,21000,71,val,0,0,0,0
images/val/frame_21010.jpg,labels/val/frame_21010.txt,21010,71,val,0,0,0,0
images/val/frame_21020.jpg,labels/val/frame_21020.txt,21020,71,val,0,0,0,0
images/val/frame_21030.jpg,labels/val/frame_21030.txt,21030,71,val,0,0,0,0
images/val/frame_21060.jpg,labels/val/frame_21060.txt,21060,72,val,0,0,0,0
images/val/frame_21070.jpg,labels/val/frame_21070.txt,21070,72,val,0,0,1,0
images/val/frame_21080.jpg,labels/val/frame_21080.txt,21080,72,val,0,0,1,0
images/val/frame_21090.jpg,labels/val/frame_21090.txt,21090,72,val,0,0,1,0
images/val/frame_21100.jpg,labels/val/frame_21100.txt,21100,72,val,0,0,1,0
images/val/frame_21110.jpg,labels/val/frame_21110.txt,21110,72,val,0,0,1,0
images/val/frame_21120.jpg,labels/val/frame_21120.txt,21120,72,val,0,0,1,0
images/train/frame_21140.jpg,labels/train/frame_21140.txt,21140,73,train,0,0,1,0
images/train/frame_21150.jpg,labels/train/frame_21150.txt,21150,73,train,0,0,1,0
images/train/frame_21160.jpg,labels/train/frame_21160.txt,21160,73,train,0,0,1,0
images/train/frame_21170.jpg,labels/train/frame_21170.txt,21170,73,train,0,0,1,0
images/train/frame_21180.jpg,labels/train/frame_21180.txt,21180,73,train,0,0,0,0
images/train/frame_21190.jpg,labels/train/frame_21190.txt,21190,73,train,0,0,0,0
images/train/frame_21200.jpg,labels/train/frame_21200.txt,21200,73,train,0,0,0,0
images/train/frame_21210.jpg,labels/train/frame_21210.txt,21210,73,train,0,0,0,0
images/train/frame_21220.jpg,labels/train/frame_21220.txt,21220,73,train,0,0,0,0
images/train/frame_21230.jpg,labels/train/frame_21230.txt,21230,73,train,0,0,0,0
images/train/frame_21240.jpg,labels/train/frame_21240.txt,21240,73,train,0,0,0,0
images/train/frame_21250.jpg,labels/train/frame_21250.txt,21250,73,train,0,0,0,0
images/train/frame_21260.jpg,labels/train/frame_21260.txt,21260,73,train,0,0,0,0
images/train/frame_21270.jpg,labels/train/frame_21270.txt,21270,73,train,0,0,0,0
images/train/frame_21280.jpg,labels/train/frame_21280.txt,21280,73,train,0,0,0,0
images/train/frame_21290.jpg,labels/train/frame_21290.txt,21290,73,train,0,0,0,0
images/train/frame_21300.jpg,labels/train/frame_21300.txt,21300,73,train,0,0,0,0
images/train/frame_21310.jpg,labels/train/frame_21310.txt,21310,73,train,0,0,0,0
images/train/frame_21320.jpg,labels/train/frame_21320.txt,21320,73,train,0,0,0,0
images/train/frame_21330.jpg,labels/train/frame_21330.txt,21330,73,train,0,0,0,0
images/train/frame_21340.jpg,labels/train/frame_21340.txt,21340,73,train,0,0,0,0
images/train/frame_21350.jpg,labels/train/frame_21350.txt,21350,73,train,0,0,0,0
images/train/frame_21360.jpg,labels/train/frame_21360.txt,21360,73,train,0,0,0,0
images/train/frame_21370.jpg,labels/train/frame_21370.txt,21370,73,train,0,0,0,0
images/train/frame_21380.jpg,labels/train/frame_21380.txt,21380,73,train,0,0,0,0
images/train/frame_21390.jpg,labels/train/frame_21390.txt,21390,73,train,0,0,0,0
images/train/frame_21400.jpg,labels/train/frame_21400.txt,21400,73,train,0,0,0,0
images/train/frame_21410.jpg,labels/train/frame_21410.txt,21410,73,train,0,0,0,0
images/train/frame_21420.jpg,labels/train/frame_21420.txt,21420,73,train,0,0,0,0
images/train/frame_21430.jpg,labels/train/frame_21430.txt,21430,73,train,0,0,0,0
images/train/frame_21440.jpg,labels/train/frame_21440.txt,21440,73,train,0,0,0,0
images/train/frame_21450.jpg,labels/train/frame_21450.txt,21450,73,train,0,0,0,0
images/train/frame_21460.jpg,labels/train/frame_21460.txt,21460,73,train,0,0,0,0
images/train/frame_21470.jpg,labels/train/frame_21470.txt,21470,73,train,0,0,0,0
images/train/frame_21480.jpg,labels/train/frame_21480.txt,21480,73,train,0,0,0,0
images/train/frame_21490.jpg,labels/train/frame_21490.txt,21490,73,train,0,0,0,0
images/train/frame_21500.jpg,labels/train/frame_21500.txt,21500,73,train,0,0,0,0
images/train/frame_21510.jpg,labels/train/frame_21510.txt,21510,73,train,0,0,0,0
images/train/frame_21520.jpg,labels/train/frame_21520.txt,21520,73,train,0,0,0,0
images/train/frame_21540.jpg,labels/train/frame_21540.txt,21540,74,train,0,0,0,0
images/train/frame_21550.jpg,labels/train/frame_21550.txt,21550,74,train,0,0,0,0
images/train/frame_21560.jpg,labels/train/frame_21560.txt,21560,74,train,0,0,0,0
images/train/frame_21570.jpg,labels/train/frame_21570.txt,21570,74,train,0,0,0,0
images/train/frame_21580.jpg,labels/train/frame_21580.txt,21580,74,train,0,0,0,0
images/train/frame_21590.jpg,labels/train/frame_21590.txt,21590,74,train,0,0,0,0
images/train/frame_21600.jpg,labels/train/frame_21600.txt,21600,74,train,0,0,0,0
images/train/frame_21610.jpg,labels/train/frame_21610.txt,21610,74,train,0,0,0,0
images/train/frame_21620.jpg,labels/train/frame_21620.txt,21620,74,train,0,0,0,0
images/train/frame_21630.jpg,labels/train/frame_21630.txt,21630,74,train,0,0,0,0
images/train/frame_21640.jpg,labels/train/frame_21640.txt,21640,74,train,0,0,0,0
images/train/frame_21650.jpg,labels/train/frame_21650.txt,21650,74,train,0,0,0,0
images/train/frame_21660.jpg,labels/train/frame_21660.txt,21660,74,train,0,0,0,0
images/train/frame_21670.jpg,labels/train/frame_21670.txt,21670,74,train,0,0,0,0
images/train/frame_21680.jpg,labels/train/frame_21680.txt,21680,74,train,0,0,0,0
images/train/frame_21690.jpg,labels/train/frame_21690.txt,21690,74,train,0,0,0,0
images/train/frame_21700.jpg,labels/train/frame_21700.txt,21700,74,train,0,0,0,0
images/train/frame_21710.jpg,labels/train/frame_21710.txt,21710,74,train,0,0,0,0
images/train/frame_21720.jpg,labels/train/frame_21720.txt,21720,74,train,0,0,0,0
images/train/frame_21730.jpg,labels/train/frame_21730.txt,21730,74,train,0,0,0,0
images/train/frame_21740.jpg,labels/train/frame_21740.txt,21740,74,train,0,0,0,0
images/train/frame_21750.jpg,labels/train/frame_21750.txt,21750,74,train,0,0,0,0
images/train/frame_21760.jpg,labels/train/frame_21760.txt,21760,74,train,0,0,0,0
images/train/frame_21770.jpg,labels/train/frame_21770.txt,21770,74,train,0,0,0,0
images/train/frame_21780.jpg,labels/train/frame_21780.txt,21780,74,train,0,0,0,0
images/train/frame_21790.jpg,labels/train/frame_21790.txt,21790,74,train,0,0,0,0
images/train/frame_21800.jpg,labels/train/frame_21800.txt,21800,74,train,0,0,0,0
images/train/frame_21810.jpg,labels/train/frame_21810.txt,21810,74,train,0,0,0,0
images/train/frame_21820.jpg,labels/train/frame_21820.txt,21820,74,train,0,0,0,0
images/train/frame_21830.jpg,labels/train/frame_21830.txt,21830,74,train,0,0,0,0
images/train/frame_21840.jpg,labels/train/frame_21840.txt,21840,74,train,0,0,0,0
images/val/frame_21910.jpg,labels/val/frame_21910.txt,21910,75,val,0,0,0,0
images/val/frame_21920.jpg,labels/val/frame_21920.txt,21920,75,val,0,0,0,0
images/val/frame_21930.jpg,labels/val/frame_21930.txt,21930,75,val,0,0,0,0
images/val/frame_21940.jpg,labels/val/frame_21940.txt,21940,75,val,0,0,0,0
images/val/frame_21950.jpg,labels/val/frame_21950.txt,21950,75,val,0,0,0,0
images/val/frame_21960.jpg,labels/val/frame_21960.txt,21960,75,val,0,0,0,0
images/val/frame_21970.jpg,labels/val/frame_21970.txt,21970,75,val,0,0,0,0
images/val/frame_21980.jpg,labels/val/frame_21980.txt,21980,75,val,0,0,0,0
images/val/frame_21990.jpg,labels/val/frame_21990.txt,21990,75,val,0,0,0,0
images/train/frame_22010.jpg,labels/train/frame_22010.txt,22010,76,train,0,0,0,0
images/train/frame_22020.jpg,labels/train/frame_22020.txt,22020,76,train,0,0,0,0
images/train/frame_22040.jpg,labels/train/frame_22040.txt,22040,77,train,0,0,0,0
images/train/frame_22050.jpg,labels/train/frame_22050.txt,22050,77,train,0,0,0,0
images/train/frame_22060.jpg,labels/train/frame_22060.txt,22060,77,train,0,0,0,0
images/train/frame_22070.jpg,labels/train/frame_22070.txt,22070,77,train,0,0,0,0
images/train/frame_22080.jpg,labels/train/frame_22080.txt,22080,77,train,0,0,0,0
images/train/frame_22090.jpg,labels/train/frame_22090.txt,22090,77,train,0,0,0,0
images/train/frame_22100.jpg,labels/train/frame_22100.txt,22100,77,train,0,0,0,0
images/train/frame_22110.jpg,labels/train/frame_22110.txt,22110,77,train,0,0,0,0
images/train/frame_22120.jpg,labels/train/frame_22120.txt,22120,77,train,0,0,0,0
images/train/frame_22130.jpg,labels/train/frame_22130.txt,22130,77,train,0,0,0,0
images/train/frame_22140.jpg,labels/train/frame_22140.txt,22140,77,train,0,0,0,0
images/train/frame_22150.jpg,labels/train/frame_22150.txt,22150,77,train,0,0,0,0
images/train/frame_22160.jpg,labels/train/frame_22160.txt,22160,77,train,0,0,0,0
images/train/frame_22170.jpg,labels/train/frame_22170.txt,22170,77,train,0,0,0,0
images/train/frame_22180.jpg,labels/train/frame_22180.txt,22180,77,train,0,0,0,0
images/train/frame_22190.jpg,labels/train/frame_22190.txt,22190,77,train,0,0,0,0
images/train/frame_22200.jpg,labels/train/frame_22200.txt,22200,77,train,0,0,0,0
images/train/frame_22210.jpg,labels/train/frame_22210.txt,22210,77,train,0,0,0,0
images/train/frame_22220.jpg,labels/train/frame_22220.txt,22220,77,train,0,0,0,0
images/train/frame_22230.jpg,labels/train/frame_22230.txt,22230,77,train,0,0,0,0
images/train/frame_22240.jpg,labels/train/frame_22240.txt,22240,77,train,0,0,0,0
images/train/frame_22250.jpg,labels/train/frame_22250.txt,22250,77,train,0,0,0,0
images/train/frame_22260.jpg,labels/train/frame_22260.txt,22260,77,train,0,0,0,0
images/train/frame_22270.jpg,labels/train/frame_22270.txt,22270,77,train,0,0,0,0
images/train/frame_22280.jpg,labels/train/frame_22280.txt,22280,77,train,0,0,0,0
images/train/frame_22290.jpg,labels/train/frame_22290.txt,22290,77,train,0,0,0,0
images/train/frame_22300.jpg,labels/train/frame_22300.txt,22300,77,train,0,0,0,0
images/train/frame_22310.jpg,labels/train/frame_22310.txt,22310,77,train,0,0,0,0
images/train/frame_22320.jpg,labels/train/frame_22320.txt,22320,77,train,0,0,0,0
images/train/frame_22330.jpg,labels/train/frame_22330.txt,22330,77,train,0,0,0,0
images/train/frame_22340.jpg,labels/train/frame_22340.txt,22340,77,train,0,0,0,0
images/train/frame_22350.jpg,labels/train/frame_22350.txt,22350,77,train,0,0,0,0
images/train/frame_22360.jpg,labels/train/frame_22360.txt,22360,77,train,0,0,0,0
images/train/frame_22370.jpg,labels/train/frame_22370.txt,22370,77,train,0,0,0,0
images/train/frame_22380.jpg,labels/train/frame_22380.txt,22380,77,train,0,0,0,0
images/train/frame_22410.jpg,labels/train/frame_22410.txt,22410,78,train,0,2,0,0
images/train/frame_22420.jpg,labels/train/frame_22420.txt,22420,78,train,0,2,0,0
images/train/frame_22430.jpg,labels/train/frame_22430.txt,22430,78,train,0,2,0,0
images/train/frame_22440.jpg,labels/train/frame_22440.txt,22440,78,train,0,2,0,0
